timestamp,Value (microjoules),container_id,name
15:15:36.104,27.221176,1bc7b6987d7e,nxf-cPB62cVKMj0A2W3ZgiyXeXAy
15:15:36.604,27.221176,1bc7b6987d7e,nxf-cPB62cVKMj0A2W3ZgiyXeXAy
15:15:37.104,27.221176,1bc7b6987d7e,nxf-cPB62cVKMj0A2W3ZgiyXeXAy
15:15:37.604,707.648948,1bc7b6987d7e,nxf-cPB62cVKMj0A2W3ZgiyXeXAy
15:15:38.104,707.648948,1bc7b6987d7e,nxf-cPB62cVKMj0A2W3ZgiyXeXAy
15:15:38.604,707.648948,1bc7b6987d7e,nxf-cPB62cVKMj0A2W3ZgiyXeXAy
15:15:39.104,707.648948,1bc7b6987d7e,nxf-cPB62cVKMj0A2W3ZgiyXeXAy
15:15:39.604,707.648948,1bc7b6987d7e,nxf-cPB62cVKMj0A2W3ZgiyXeXAy
15:15:40.104,707.648948,1bc7b6987d7e,nxf-cPB62cVKMj0A2W3ZgiyXeXAy
15:15:40.604,707.648948,1bc7b6987d7e,nxf-cPB62cVKMj0A2W3ZgiyXeXAy
15:15:41.104,707.648948,1bc7b6987d7e,nxf-cPB62cVKMj0A2W3ZgiyXeXAy
15:15:41.604,707.648948,1bc7b6987d7e,nxf-cPB62cVKMj0A2W3ZgiyXeXAy
15:15:42.104,707.648948,1bc7b6987d7e,nxf-cPB62cVKMj0A2W3ZgiyXeXAy
15:15:42.604,707.648948,1bc7b6987d7e,nxf-cPB62cVKMj0A2W3ZgiyXeXAy
15:15:43.104,707.648948,1bc7b6987d7e,nxf-cPB62cVKMj0A2W3ZgiyXeXAy
15:15:43.604,707.648948,1bc7b6987d7e,nxf-cPB62cVKMj0A2W3ZgiyXeXAy
15:15:44.104,707.648948,1bc7b6987d7e,nxf-cPB62cVKMj0A2W3ZgiyXeXAy
15:15:44.604,707.648948,1bc7b6987d7e,nxf-cPB62cVKMj0A2W3ZgiyXeXAy
15:15:45.104,707.648948,1bc7b6987d7e,nxf-cPB62cVKMj0A2W3ZgiyXeXAy
15:15:45.604,707.648948,1bc7b6987d7e,nxf-cPB62cVKMj0A2W3ZgiyXeXAy
15:15:46.104,707.648948,1bc7b6987d7e,nxf-cPB62cVKMj0A2W3ZgiyXeXAy
15:15:46.604,707.648948,1bc7b6987d7e,nxf-cPB62cVKMj0A2W3ZgiyXeXAy
15:15:47.104,707.648948,1bc7b6987d7e,nxf-cPB62cVKMj0A2W3ZgiyXeXAy
15:15:47.604,707.648948,1bc7b6987d7e,nxf-cPB62cVKMj0A2W3ZgiyXeXAy
15:15:48.104,707.648948,1bc7b6987d7e,nxf-cPB62cVKMj0A2W3ZgiyXeXAy
15:15:48.604,707.648948,1bc7b6987d7e,nxf-cPB62cVKMj0A2W3ZgiyXeXAy
15:15:49.104,707.648948,1bc7b6987d7e,nxf-cPB62cVKMj0A2W3ZgiyXeXAy
15:15:49.604,707.648948,1bc7b6987d7e,nxf-cPB62cVKMj0A2W3ZgiyXeXAy
15:15:50.104,707.648948,1bc7b6987d7e,nxf-cPB62cVKMj0A2W3ZgiyXeXAy
15:15:50.604,707.648948,1bc7b6987d7e,nxf-cPB62cVKMj0A2W3ZgiyXeXAy
15:15:51.104,707.648948,1bc7b6987d7e,nxf-cPB62cVKMj0A2W3ZgiyXeXAy
15:15:51.604,707.648948,1bc7b6987d7e,nxf-cPB62cVKMj0A2W3ZgiyXeXAy
15:15:52.104,707.648948,1bc7b6987d7e,nxf-cPB62cVKMj0A2W3ZgiyXeXAy
15:15:52.604,707.648948,1bc7b6987d7e,nxf-cPB62cVKMj0A2W3ZgiyXeXAy
15:15:53.104,707.648948,1bc7b6987d7e,nxf-cPB62cVKMj0A2W3ZgiyXeXAy
15:15:53.604,707.648948,1bc7b6987d7e,nxf-cPB62cVKMj0A2W3ZgiyXeXAy
15:15:54.104,707.648948,1bc7b6987d7e,nxf-cPB62cVKMj0A2W3ZgiyXeXAy
15:15:54.604,707.648948,1bc7b6987d7e,nxf-cPB62cVKMj0A2W3ZgiyXeXAy
15:15:55.104,707.648948,1bc7b6987d7e,nxf-cPB62cVKMj0A2W3ZgiyXeXAy
15:15:55.604,707.648948,1bc7b6987d7e,nxf-cPB62cVKMj0A2W3ZgiyXeXAy
15:15:56.104,707.648948,1bc7b6987d7e,nxf-cPB62cVKMj0A2W3ZgiyXeXAy
15:15:56.604,707.648948,1bc7b6987d7e,nxf-cPB62cVKMj0A2W3ZgiyXeXAy
15:15:57.104,707.648948,1bc7b6987d7e,nxf-cPB62cVKMj0A2W3ZgiyXeXAy
15:15:57.604,707.648948,1bc7b6987d7e,nxf-cPB62cVKMj0A2W3ZgiyXeXAy
15:15:58.104,707.648948,1bc7b6987d7e,nxf-cPB62cVKMj0A2W3ZgiyXeXAy
15:15:58.604,707.648948,1bc7b6987d7e,nxf-cPB62cVKMj0A2W3ZgiyXeXAy
15:15:59.104,707.648948,1bc7b6987d7e,nxf-cPB62cVKMj0A2W3ZgiyXeXAy
15:15:59.604,707.648948,1bc7b6987d7e,nxf-cPB62cVKMj0A2W3ZgiyXeXAy
15:16:00.104,707.648948,1bc7b6987d7e,nxf-cPB62cVKMj0A2W3ZgiyXeXAy
15:16:00.604,707.648948,1bc7b6987d7e,nxf-cPB62cVKMj0A2W3ZgiyXeXAy
15:16:01.104,707.648948,1bc7b6987d7e,nxf-cPB62cVKMj0A2W3ZgiyXeXAy
15:16:01.604,707.648948,1bc7b6987d7e,nxf-cPB62cVKMj0A2W3ZgiyXeXAy
15:16:02.104,707.648948,1bc7b6987d7e,nxf-cPB62cVKMj0A2W3ZgiyXeXAy
15:16:02.604,707.648948,1bc7b6987d7e,nxf-cPB62cVKMj0A2W3ZgiyXeXAy
15:16:03.104,707.648948,1bc7b6987d7e,nxf-cPB62cVKMj0A2W3ZgiyXeXAy
15:16:03.604,707.648948,1bc7b6987d7e,nxf-cPB62cVKMj0A2W3ZgiyXeXAy
15:16:04.104,707.648948,1bc7b6987d7e,nxf-cPB62cVKMj0A2W3ZgiyXeXAy
15:16:04.604,707.648948,1bc7b6987d7e,nxf-cPB62cVKMj0A2W3ZgiyXeXAy
15:16:05.104,707.648948,1bc7b6987d7e,nxf-cPB62cVKMj0A2W3ZgiyXeXAy
15:16:05.604,707.648948,1bc7b6987d7e,nxf-cPB62cVKMj0A2W3ZgiyXeXAy
15:16:06.104,707.648948,1bc7b6987d7e,nxf-cPB62cVKMj0A2W3ZgiyXeXAy
15:16:06.604,707.648948,1bc7b6987d7e,nxf-cPB62cVKMj0A2W3ZgiyXeXAy
15:16:07.104,707.648948,1bc7b6987d7e,nxf-cPB62cVKMj0A2W3ZgiyXeXAy
15:16:07.604,707.648948,1bc7b6987d7e,nxf-cPB62cVKMj0A2W3ZgiyXeXAy
15:16:08.104,707.648948,1bc7b6987d7e,nxf-cPB62cVKMj0A2W3ZgiyXeXAy
15:16:08.604,707.648948,1bc7b6987d7e,nxf-cPB62cVKMj0A2W3ZgiyXeXAy
15:16:09.104,707.648948,1bc7b6987d7e,nxf-cPB62cVKMj0A2W3ZgiyXeXAy
15:16:09.604,707.648948,1bc7b6987d7e,nxf-cPB62cVKMj0A2W3ZgiyXeXAy
15:16:10.104,707.648948,1bc7b6987d7e,nxf-cPB62cVKMj0A2W3ZgiyXeXAy
15:16:10.604,707.648948,1bc7b6987d7e,nxf-cPB62cVKMj0A2W3ZgiyXeXAy
15:16:11.104,707.648948,1bc7b6987d7e,nxf-cPB62cVKMj0A2W3ZgiyXeXAy
15:16:11.604,707.648948,1bc7b6987d7e,nxf-cPB62cVKMj0A2W3ZgiyXeXAy
15:16:12.104,707.648948,1bc7b6987d7e,nxf-cPB62cVKMj0A2W3ZgiyXeXAy
15:16:12.604,707.648948,1bc7b6987d7e,nxf-cPB62cVKMj0A2W3ZgiyXeXAy
15:16:13.104,707.648948,1bc7b6987d7e,nxf-cPB62cVKMj0A2W3ZgiyXeXAy
15:16:13.604,707.648948,1bc7b6987d7e,nxf-cPB62cVKMj0A2W3ZgiyXeXAy
15:16:14.104,707.648948,1bc7b6987d7e,nxf-cPB62cVKMj0A2W3ZgiyXeXAy
15:16:14.604,707.648948,1bc7b6987d7e,nxf-cPB62cVKMj0A2W3ZgiyXeXAy
15:16:15.104,707.648948,1bc7b6987d7e,nxf-cPB62cVKMj0A2W3ZgiyXeXAy
15:16:15.604,707.648948,1bc7b6987d7e,nxf-cPB62cVKMj0A2W3ZgiyXeXAy
15:16:16.104,707.648948,1bc7b6987d7e,nxf-cPB62cVKMj0A2W3ZgiyXeXAy
15:16:16.604,707.648948,1bc7b6987d7e,nxf-cPB62cVKMj0A2W3ZgiyXeXAy
15:16:17.104,707.648948,1bc7b6987d7e,nxf-cPB62cVKMj0A2W3ZgiyXeXAy
15:15:36.118,1.510572,270a91d490bf,nxf-8HEIDLPLcFSgNV2onUEea8wK
15:15:36.618,1.510572,270a91d490bf,nxf-8HEIDLPLcFSgNV2onUEea8wK
15:15:37.118,1.510572,270a91d490bf,nxf-8HEIDLPLcFSgNV2onUEea8wK
15:15:37.618,12.600362,270a91d490bf,nxf-8HEIDLPLcFSgNV2onUEea8wK
15:15:38.118,12.600362,270a91d490bf,nxf-8HEIDLPLcFSgNV2onUEea8wK
15:15:38.618,12.600362,270a91d490bf,nxf-8HEIDLPLcFSgNV2onUEea8wK
15:15:39.118,12.600362,270a91d490bf,nxf-8HEIDLPLcFSgNV2onUEea8wK
15:15:39.618,12.600362,270a91d490bf,nxf-8HEIDLPLcFSgNV2onUEea8wK
15:15:40.118,12.600362,270a91d490bf,nxf-8HEIDLPLcFSgNV2onUEea8wK
15:15:40.618,12.600362,270a91d490bf,nxf-8HEIDLPLcFSgNV2onUEea8wK
15:15:41.118,12.600362,270a91d490bf,nxf-8HEIDLPLcFSgNV2onUEea8wK
15:15:41.618,12.600362,270a91d490bf,nxf-8HEIDLPLcFSgNV2onUEea8wK
15:15:42.118,12.600362,270a91d490bf,nxf-8HEIDLPLcFSgNV2onUEea8wK
15:15:42.618,12.600362,270a91d490bf,nxf-8HEIDLPLcFSgNV2onUEea8wK
15:15:43.118,12.600362,270a91d490bf,nxf-8HEIDLPLcFSgNV2onUEea8wK
15:15:43.618,12.600362,270a91d490bf,nxf-8HEIDLPLcFSgNV2onUEea8wK
15:15:44.118,12.600362,270a91d490bf,nxf-8HEIDLPLcFSgNV2onUEea8wK
15:15:44.618,12.600362,270a91d490bf,nxf-8HEIDLPLcFSgNV2onUEea8wK
15:15:45.118,12.600362,270a91d490bf,nxf-8HEIDLPLcFSgNV2onUEea8wK
15:15:45.618,12.600362,270a91d490bf,nxf-8HEIDLPLcFSgNV2onUEea8wK
15:15:46.118,12.600362,270a91d490bf,nxf-8HEIDLPLcFSgNV2onUEea8wK
15:15:46.618,12.600362,270a91d490bf,nxf-8HEIDLPLcFSgNV2onUEea8wK
15:15:47.118,12.600362,270a91d490bf,nxf-8HEIDLPLcFSgNV2onUEea8wK
15:15:47.618,12.600362,270a91d490bf,nxf-8HEIDLPLcFSgNV2onUEea8wK
15:15:48.118,12.600362,270a91d490bf,nxf-8HEIDLPLcFSgNV2onUEea8wK
15:15:48.618,12.600362,270a91d490bf,nxf-8HEIDLPLcFSgNV2onUEea8wK
15:15:49.118,12.600362,270a91d490bf,nxf-8HEIDLPLcFSgNV2onUEea8wK
15:15:49.618,12.600362,270a91d490bf,nxf-8HEIDLPLcFSgNV2onUEea8wK
15:15:50.118,12.600362,270a91d490bf,nxf-8HEIDLPLcFSgNV2onUEea8wK
15:15:50.618,12.600362,270a91d490bf,nxf-8HEIDLPLcFSgNV2onUEea8wK
15:15:51.118,12.600362,270a91d490bf,nxf-8HEIDLPLcFSgNV2onUEea8wK
15:15:51.618,12.600362,270a91d490bf,nxf-8HEIDLPLcFSgNV2onUEea8wK
15:15:52.118,12.600362,270a91d490bf,nxf-8HEIDLPLcFSgNV2onUEea8wK
15:15:52.618,12.600362,270a91d490bf,nxf-8HEIDLPLcFSgNV2onUEea8wK
15:15:53.118,12.600362,270a91d490bf,nxf-8HEIDLPLcFSgNV2onUEea8wK
15:15:53.618,12.600362,270a91d490bf,nxf-8HEIDLPLcFSgNV2onUEea8wK
15:15:54.118,12.600362,270a91d490bf,nxf-8HEIDLPLcFSgNV2onUEea8wK
15:15:54.618,12.600362,270a91d490bf,nxf-8HEIDLPLcFSgNV2onUEea8wK
15:15:55.118,12.600362,270a91d490bf,nxf-8HEIDLPLcFSgNV2onUEea8wK
15:15:55.618,12.600362,270a91d490bf,nxf-8HEIDLPLcFSgNV2onUEea8wK
15:15:56.118,12.600362,270a91d490bf,nxf-8HEIDLPLcFSgNV2onUEea8wK
15:15:56.618,12.600362,270a91d490bf,nxf-8HEIDLPLcFSgNV2onUEea8wK
15:15:57.118,12.600362,270a91d490bf,nxf-8HEIDLPLcFSgNV2onUEea8wK
15:15:57.618,12.600362,270a91d490bf,nxf-8HEIDLPLcFSgNV2onUEea8wK
15:15:58.118,12.600362,270a91d490bf,nxf-8HEIDLPLcFSgNV2onUEea8wK
15:15:58.618,12.600362,270a91d490bf,nxf-8HEIDLPLcFSgNV2onUEea8wK
15:15:59.118,12.600362,270a91d490bf,nxf-8HEIDLPLcFSgNV2onUEea8wK
15:15:59.618,12.600362,270a91d490bf,nxf-8HEIDLPLcFSgNV2onUEea8wK
15:16:00.118,12.600362,270a91d490bf,nxf-8HEIDLPLcFSgNV2onUEea8wK
15:16:00.618,12.600362,270a91d490bf,nxf-8HEIDLPLcFSgNV2onUEea8wK
15:16:01.118,12.600362,270a91d490bf,nxf-8HEIDLPLcFSgNV2onUEea8wK
15:16:01.618,12.600362,270a91d490bf,nxf-8HEIDLPLcFSgNV2onUEea8wK
15:16:02.118,12.600362,270a91d490bf,nxf-8HEIDLPLcFSgNV2onUEea8wK
15:16:02.618,12.600362,270a91d490bf,nxf-8HEIDLPLcFSgNV2onUEea8wK
15:16:03.118,12.600362,270a91d490bf,nxf-8HEIDLPLcFSgNV2onUEea8wK
15:16:03.618,12.600362,270a91d490bf,nxf-8HEIDLPLcFSgNV2onUEea8wK
15:16:04.118,12.600362,270a91d490bf,nxf-8HEIDLPLcFSgNV2onUEea8wK
15:16:04.618,12.600362,270a91d490bf,nxf-8HEIDLPLcFSgNV2onUEea8wK
15:16:05.118,12.600362,270a91d490bf,nxf-8HEIDLPLcFSgNV2onUEea8wK
15:16:05.618,12.600362,270a91d490bf,nxf-8HEIDLPLcFSgNV2onUEea8wK
15:16:06.118,12.600362,270a91d490bf,nxf-8HEIDLPLcFSgNV2onUEea8wK
15:16:06.618,12.600362,270a91d490bf,nxf-8HEIDLPLcFSgNV2onUEea8wK
15:16:07.118,12.600362,270a91d490bf,nxf-8HEIDLPLcFSgNV2onUEea8wK
15:16:07.618,12.600362,270a91d490bf,nxf-8HEIDLPLcFSgNV2onUEea8wK
15:16:08.118,12.600362,270a91d490bf,nxf-8HEIDLPLcFSgNV2onUEea8wK
15:16:08.618,12.600362,270a91d490bf,nxf-8HEIDLPLcFSgNV2onUEea8wK
15:16:09.118,12.600362,270a91d490bf,nxf-8HEIDLPLcFSgNV2onUEea8wK
15:16:09.618,12.600362,270a91d490bf,nxf-8HEIDLPLcFSgNV2onUEea8wK
15:16:10.118,12.600362,270a91d490bf,nxf-8HEIDLPLcFSgNV2onUEea8wK
15:16:10.618,12.600362,270a91d490bf,nxf-8HEIDLPLcFSgNV2onUEea8wK
15:16:11.118,12.600362,270a91d490bf,nxf-8HEIDLPLcFSgNV2onUEea8wK
15:16:11.618,12.600362,270a91d490bf,nxf-8HEIDLPLcFSgNV2onUEea8wK
15:16:12.118,12.600362,270a91d490bf,nxf-8HEIDLPLcFSgNV2onUEea8wK
15:16:12.618,12.600362,270a91d490bf,nxf-8HEIDLPLcFSgNV2onUEea8wK
15:16:13.118,12.600362,270a91d490bf,nxf-8HEIDLPLcFSgNV2onUEea8wK
15:16:13.618,12.600362,270a91d490bf,nxf-8HEIDLPLcFSgNV2onUEea8wK
15:16:14.118,12.600362,270a91d490bf,nxf-8HEIDLPLcFSgNV2onUEea8wK
15:16:14.618,12.600362,270a91d490bf,nxf-8HEIDLPLcFSgNV2onUEea8wK
15:16:15.118,12.600362,270a91d490bf,nxf-8HEIDLPLcFSgNV2onUEea8wK
15:16:15.618,12.600362,270a91d490bf,nxf-8HEIDLPLcFSgNV2onUEea8wK
15:16:16.118,12.600362,270a91d490bf,nxf-8HEIDLPLcFSgNV2onUEea8wK
15:16:16.618,12.600362,270a91d490bf,nxf-8HEIDLPLcFSgNV2onUEea8wK
15:16:17.118,12.600362,270a91d490bf,nxf-8HEIDLPLcFSgNV2onUEea8wK
15:16:17.618,12.600362,270a91d490bf,nxf-8HEIDLPLcFSgNV2onUEea8wK
15:15:36.102,11.370589,e3f9fa69e3d8,nxf-0X0tQJagkeWOAir2jS124FfK
15:15:36.602,11.370589,e3f9fa69e3d8,nxf-0X0tQJagkeWOAir2jS124FfK
15:15:37.102,11.370589,e3f9fa69e3d8,nxf-0X0tQJagkeWOAir2jS124FfK
15:15:37.602,111.231464,e3f9fa69e3d8,nxf-0X0tQJagkeWOAir2jS124FfK
15:15:38.102,111.231464,e3f9fa69e3d8,nxf-0X0tQJagkeWOAir2jS124FfK
15:15:38.602,111.231464,e3f9fa69e3d8,nxf-0X0tQJagkeWOAir2jS124FfK
15:15:39.102,111.231464,e3f9fa69e3d8,nxf-0X0tQJagkeWOAir2jS124FfK
15:15:39.602,111.231464,e3f9fa69e3d8,nxf-0X0tQJagkeWOAir2jS124FfK
15:15:40.102,111.231464,e3f9fa69e3d8,nxf-0X0tQJagkeWOAir2jS124FfK
15:15:40.602,111.231464,e3f9fa69e3d8,nxf-0X0tQJagkeWOAir2jS124FfK
15:15:41.102,111.231464,e3f9fa69e3d8,nxf-0X0tQJagkeWOAir2jS124FfK
15:15:41.602,111.231464,e3f9fa69e3d8,nxf-0X0tQJagkeWOAir2jS124FfK
15:15:42.102,111.231464,e3f9fa69e3d8,nxf-0X0tQJagkeWOAir2jS124FfK
15:15:42.602,111.231464,e3f9fa69e3d8,nxf-0X0tQJagkeWOAir2jS124FfK
15:15:43.102,111.231464,e3f9fa69e3d8,nxf-0X0tQJagkeWOAir2jS124FfK
15:15:43.602,111.231464,e3f9fa69e3d8,nxf-0X0tQJagkeWOAir2jS124FfK
15:15:44.102,111.231464,e3f9fa69e3d8,nxf-0X0tQJagkeWOAir2jS124FfK
15:15:44.602,111.231464,e3f9fa69e3d8,nxf-0X0tQJagkeWOAir2jS124FfK
15:15:45.102,111.231464,e3f9fa69e3d8,nxf-0X0tQJagkeWOAir2jS124FfK
15:15:45.602,111.231464,e3f9fa69e3d8,nxf-0X0tQJagkeWOAir2jS124FfK
15:15:46.102,111.231464,e3f9fa69e3d8,nxf-0X0tQJagkeWOAir2jS124FfK
15:15:46.602,111.231464,e3f9fa69e3d8,nxf-0X0tQJagkeWOAir2jS124FfK
15:15:47.102,111.231464,e3f9fa69e3d8,nxf-0X0tQJagkeWOAir2jS124FfK
15:15:47.602,111.231464,e3f9fa69e3d8,nxf-0X0tQJagkeWOAir2jS124FfK
15:15:48.102,111.231464,e3f9fa69e3d8,nxf-0X0tQJagkeWOAir2jS124FfK
15:15:48.602,111.231464,e3f9fa69e3d8,nxf-0X0tQJagkeWOAir2jS124FfK
15:15:49.102,111.231464,e3f9fa69e3d8,nxf-0X0tQJagkeWOAir2jS124FfK
15:15:49.602,111.231464,e3f9fa69e3d8,nxf-0X0tQJagkeWOAir2jS124FfK
15:15:50.102,111.231464,e3f9fa69e3d8,nxf-0X0tQJagkeWOAir2jS124FfK
15:15:50.602,111.231464,e3f9fa69e3d8,nxf-0X0tQJagkeWOAir2jS124FfK
15:15:51.102,111.231464,e3f9fa69e3d8,nxf-0X0tQJagkeWOAir2jS124FfK
15:15:51.602,111.231464,e3f9fa69e3d8,nxf-0X0tQJagkeWOAir2jS124FfK
15:15:52.102,111.231464,e3f9fa69e3d8,nxf-0X0tQJagkeWOAir2jS124FfK
15:15:52.602,111.231464,e3f9fa69e3d8,nxf-0X0tQJagkeWOAir2jS124FfK
15:15:53.102,111.231464,e3f9fa69e3d8,nxf-0X0tQJagkeWOAir2jS124FfK
15:15:53.602,111.231464,e3f9fa69e3d8,nxf-0X0tQJagkeWOAir2jS124FfK
15:15:54.102,111.231464,e3f9fa69e3d8,nxf-0X0tQJagkeWOAir2jS124FfK
15:15:54.602,111.231464,e3f9fa69e3d8,nxf-0X0tQJagkeWOAir2jS124FfK
15:15:55.102,111.231464,e3f9fa69e3d8,nxf-0X0tQJagkeWOAir2jS124FfK
15:15:55.602,111.231464,e3f9fa69e3d8,nxf-0X0tQJagkeWOAir2jS124FfK
15:15:56.102,111.231464,e3f9fa69e3d8,nxf-0X0tQJagkeWOAir2jS124FfK
15:15:56.602,111.231464,e3f9fa69e3d8,nxf-0X0tQJagkeWOAir2jS124FfK
15:15:57.102,111.231464,e3f9fa69e3d8,nxf-0X0tQJagkeWOAir2jS124FfK
15:15:57.602,111.231464,e3f9fa69e3d8,nxf-0X0tQJagkeWOAir2jS124FfK
15:15:58.102,111.231464,e3f9fa69e3d8,nxf-0X0tQJagkeWOAir2jS124FfK
15:15:58.602,111.231464,e3f9fa69e3d8,nxf-0X0tQJagkeWOAir2jS124FfK
15:15:59.102,111.231464,e3f9fa69e3d8,nxf-0X0tQJagkeWOAir2jS124FfK
15:15:59.602,111.231464,e3f9fa69e3d8,nxf-0X0tQJagkeWOAir2jS124FfK
15:16:00.102,111.231464,e3f9fa69e3d8,nxf-0X0tQJagkeWOAir2jS124FfK
15:16:00.602,111.231464,e3f9fa69e3d8,nxf-0X0tQJagkeWOAir2jS124FfK
15:16:01.102,111.231464,e3f9fa69e3d8,nxf-0X0tQJagkeWOAir2jS124FfK
15:16:01.602,111.231464,e3f9fa69e3d8,nxf-0X0tQJagkeWOAir2jS124FfK
15:16:02.102,111.231464,e3f9fa69e3d8,nxf-0X0tQJagkeWOAir2jS124FfK
15:16:02.602,111.231464,e3f9fa69e3d8,nxf-0X0tQJagkeWOAir2jS124FfK
15:16:03.102,111.231464,e3f9fa69e3d8,nxf-0X0tQJagkeWOAir2jS124FfK
15:16:03.602,111.231464,e3f9fa69e3d8,nxf-0X0tQJagkeWOAir2jS124FfK
15:16:04.102,111.231464,e3f9fa69e3d8,nxf-0X0tQJagkeWOAir2jS124FfK
15:16:04.602,111.231464,e3f9fa69e3d8,nxf-0X0tQJagkeWOAir2jS124FfK
15:16:05.102,111.231464,e3f9fa69e3d8,nxf-0X0tQJagkeWOAir2jS124FfK
15:16:05.602,111.231464,e3f9fa69e3d8,nxf-0X0tQJagkeWOAir2jS124FfK
15:16:06.102,111.231464,e3f9fa69e3d8,nxf-0X0tQJagkeWOAir2jS124FfK
15:16:06.602,111.231464,e3f9fa69e3d8,nxf-0X0tQJagkeWOAir2jS124FfK
15:16:07.102,111.231464,e3f9fa69e3d8,nxf-0X0tQJagkeWOAir2jS124FfK
15:16:07.602,111.231464,e3f9fa69e3d8,nxf-0X0tQJagkeWOAir2jS124FfK
15:16:08.102,111.231464,e3f9fa69e3d8,nxf-0X0tQJagkeWOAir2jS124FfK
15:16:08.602,111.231464,e3f9fa69e3d8,nxf-0X0tQJagkeWOAir2jS124FfK
15:16:09.102,111.231464,e3f9fa69e3d8,nxf-0X0tQJagkeWOAir2jS124FfK
15:16:09.602,111.231464,e3f9fa69e3d8,nxf-0X0tQJagkeWOAir2jS124FfK
15:16:10.102,111.231464,e3f9fa69e3d8,nxf-0X0tQJagkeWOAir2jS124FfK
15:16:10.602,111.231464,e3f9fa69e3d8,nxf-0X0tQJagkeWOAir2jS124FfK
15:16:11.102,111.231464,e3f9fa69e3d8,nxf-0X0tQJagkeWOAir2jS124FfK
15:16:11.602,111.231464,e3f9fa69e3d8,nxf-0X0tQJagkeWOAir2jS124FfK
15:16:12.102,111.231464,e3f9fa69e3d8,nxf-0X0tQJagkeWOAir2jS124FfK
15:16:12.602,111.231464,e3f9fa69e3d8,nxf-0X0tQJagkeWOAir2jS124FfK
15:16:13.102,111.231464,e3f9fa69e3d8,nxf-0X0tQJagkeWOAir2jS124FfK
15:16:13.602,111.231464,e3f9fa69e3d8,nxf-0X0tQJagkeWOAir2jS124FfK
15:16:14.102,111.231464,e3f9fa69e3d8,nxf-0X0tQJagkeWOAir2jS124FfK
15:16:14.602,111.231464,e3f9fa69e3d8,nxf-0X0tQJagkeWOAir2jS124FfK
15:16:15.102,111.231464,e3f9fa69e3d8,nxf-0X0tQJagkeWOAir2jS124FfK
15:16:15.602,111.231464,e3f9fa69e3d8,nxf-0X0tQJagkeWOAir2jS124FfK
15:16:16.102,111.231464,e3f9fa69e3d8,nxf-0X0tQJagkeWOAir2jS124FfK
15:16:16.602,111.231464,e3f9fa69e3d8,nxf-0X0tQJagkeWOAir2jS124FfK
15:16:17.102,111.231464,e3f9fa69e3d8,nxf-0X0tQJagkeWOAir2jS124FfK
15:16:17.602,111.231464,e3f9fa69e3d8,nxf-0X0tQJagkeWOAir2jS124FfK
15:16:18.102,111.231464,e3f9fa69e3d8,nxf-0X0tQJagkeWOAir2jS124FfK
15:16:18.602,111.231464,e3f9fa69e3d8,nxf-0X0tQJagkeWOAir2jS124FfK
15:15:41.607,588.790631,f85b17c1b929,nxf-TrD9qyudd3YDIKNfgNkKpu9H
15:15:42.107,588.790631,f85b17c1b929,nxf-TrD9qyudd3YDIKNfgNkKpu9H
15:15:42.607,588.790631,f85b17c1b929,nxf-TrD9qyudd3YDIKNfgNkKpu9H
15:15:43.107,588.790631,f85b17c1b929,nxf-TrD9qyudd3YDIKNfgNkKpu9H
15:15:43.607,588.790631,f85b17c1b929,nxf-TrD9qyudd3YDIKNfgNkKpu9H
15:15:44.107,588.790631,f85b17c1b929,nxf-TrD9qyudd3YDIKNfgNkKpu9H
15:15:44.607,588.790631,f85b17c1b929,nxf-TrD9qyudd3YDIKNfgNkKpu9H
15:15:45.107,588.790631,f85b17c1b929,nxf-TrD9qyudd3YDIKNfgNkKpu9H
15:15:45.607,588.790631,f85b17c1b929,nxf-TrD9qyudd3YDIKNfgNkKpu9H
15:15:46.107,588.790631,f85b17c1b929,nxf-TrD9qyudd3YDIKNfgNkKpu9H
15:15:46.607,588.790631,f85b17c1b929,nxf-TrD9qyudd3YDIKNfgNkKpu9H
15:15:47.107,588.790631,f85b17c1b929,nxf-TrD9qyudd3YDIKNfgNkKpu9H
15:15:47.607,588.790631,f85b17c1b929,nxf-TrD9qyudd3YDIKNfgNkKpu9H
15:15:48.107,588.790631,f85b17c1b929,nxf-TrD9qyudd3YDIKNfgNkKpu9H
15:15:48.607,588.790631,f85b17c1b929,nxf-TrD9qyudd3YDIKNfgNkKpu9H
15:15:49.107,588.790631,f85b17c1b929,nxf-TrD9qyudd3YDIKNfgNkKpu9H
15:15:49.607,588.790631,f85b17c1b929,nxf-TrD9qyudd3YDIKNfgNkKpu9H
15:15:50.107,588.790631,f85b17c1b929,nxf-TrD9qyudd3YDIKNfgNkKpu9H
15:15:50.607,588.790631,f85b17c1b929,nxf-TrD9qyudd3YDIKNfgNkKpu9H
15:15:51.107,588.790631,f85b17c1b929,nxf-TrD9qyudd3YDIKNfgNkKpu9H
15:15:51.607,588.790631,f85b17c1b929,nxf-TrD9qyudd3YDIKNfgNkKpu9H
15:15:52.107,588.790631,f85b17c1b929,nxf-TrD9qyudd3YDIKNfgNkKpu9H
15:15:52.607,588.790631,f85b17c1b929,nxf-TrD9qyudd3YDIKNfgNkKpu9H
15:15:53.107,588.790631,f85b17c1b929,nxf-TrD9qyudd3YDIKNfgNkKpu9H
15:15:53.607,588.790631,f85b17c1b929,nxf-TrD9qyudd3YDIKNfgNkKpu9H
15:15:54.107,588.790631,f85b17c1b929,nxf-TrD9qyudd3YDIKNfgNkKpu9H
15:15:54.607,588.790631,f85b17c1b929,nxf-TrD9qyudd3YDIKNfgNkKpu9H
15:15:55.107,588.790631,f85b17c1b929,nxf-TrD9qyudd3YDIKNfgNkKpu9H
15:15:55.607,588.790631,f85b17c1b929,nxf-TrD9qyudd3YDIKNfgNkKpu9H
15:15:56.107,588.790631,f85b17c1b929,nxf-TrD9qyudd3YDIKNfgNkKpu9H
15:15:56.607,588.790631,f85b17c1b929,nxf-TrD9qyudd3YDIKNfgNkKpu9H
15:15:57.107,588.790631,f85b17c1b929,nxf-TrD9qyudd3YDIKNfgNkKpu9H
15:15:57.607,588.790631,f85b17c1b929,nxf-TrD9qyudd3YDIKNfgNkKpu9H
15:15:58.107,588.790631,f85b17c1b929,nxf-TrD9qyudd3YDIKNfgNkKpu9H
15:15:58.607,588.790631,f85b17c1b929,nxf-TrD9qyudd3YDIKNfgNkKpu9H
15:15:59.107,588.790631,f85b17c1b929,nxf-TrD9qyudd3YDIKNfgNkKpu9H
15:15:59.607,588.790631,f85b17c1b929,nxf-TrD9qyudd3YDIKNfgNkKpu9H
15:16:00.107,588.790631,f85b17c1b929,nxf-TrD9qyudd3YDIKNfgNkKpu9H
15:16:00.607,588.790631,f85b17c1b929,nxf-TrD9qyudd3YDIKNfgNkKpu9H
15:16:01.107,588.790631,f85b17c1b929,nxf-TrD9qyudd3YDIKNfgNkKpu9H
15:16:01.607,588.790631,f85b17c1b929,nxf-TrD9qyudd3YDIKNfgNkKpu9H
15:16:02.107,588.790631,f85b17c1b929,nxf-TrD9qyudd3YDIKNfgNkKpu9H
15:16:02.607,588.790631,f85b17c1b929,nxf-TrD9qyudd3YDIKNfgNkKpu9H
15:16:03.107,588.790631,f85b17c1b929,nxf-TrD9qyudd3YDIKNfgNkKpu9H
15:16:03.607,588.790631,f85b17c1b929,nxf-TrD9qyudd3YDIKNfgNkKpu9H
15:16:04.107,588.790631,f85b17c1b929,nxf-TrD9qyudd3YDIKNfgNkKpu9H
15:16:04.607,588.790631,f85b17c1b929,nxf-TrD9qyudd3YDIKNfgNkKpu9H
15:16:05.107,588.790631,f85b17c1b929,nxf-TrD9qyudd3YDIKNfgNkKpu9H
15:16:05.607,588.790631,f85b17c1b929,nxf-TrD9qyudd3YDIKNfgNkKpu9H
15:16:06.107,588.790631,f85b17c1b929,nxf-TrD9qyudd3YDIKNfgNkKpu9H
15:16:06.607,588.790631,f85b17c1b929,nxf-TrD9qyudd3YDIKNfgNkKpu9H
15:16:07.107,588.790631,f85b17c1b929,nxf-TrD9qyudd3YDIKNfgNkKpu9H
15:16:07.607,588.790631,f85b17c1b929,nxf-TrD9qyudd3YDIKNfgNkKpu9H
15:16:08.107,588.790631,f85b17c1b929,nxf-TrD9qyudd3YDIKNfgNkKpu9H
15:16:08.607,588.790631,f85b17c1b929,nxf-TrD9qyudd3YDIKNfgNkKpu9H
15:16:09.107,588.790631,f85b17c1b929,nxf-TrD9qyudd3YDIKNfgNkKpu9H
15:16:09.607,588.790631,f85b17c1b929,nxf-TrD9qyudd3YDIKNfgNkKpu9H
15:16:10.107,588.790631,f85b17c1b929,nxf-TrD9qyudd3YDIKNfgNkKpu9H
15:16:10.607,588.790631,f85b17c1b929,nxf-TrD9qyudd3YDIKNfgNkKpu9H
15:16:11.107,588.790631,f85b17c1b929,nxf-TrD9qyudd3YDIKNfgNkKpu9H
15:16:11.607,588.790631,f85b17c1b929,nxf-TrD9qyudd3YDIKNfgNkKpu9H
15:16:12.107,588.790631,f85b17c1b929,nxf-TrD9qyudd3YDIKNfgNkKpu9H
15:16:12.607,588.790631,f85b17c1b929,nxf-TrD9qyudd3YDIKNfgNkKpu9H
15:16:13.107,588.790631,f85b17c1b929,nxf-TrD9qyudd3YDIKNfgNkKpu9H
15:16:13.607,588.790631,f85b17c1b929,nxf-TrD9qyudd3YDIKNfgNkKpu9H
15:16:14.107,588.790631,f85b17c1b929,nxf-TrD9qyudd3YDIKNfgNkKpu9H
15:16:14.607,588.790631,f85b17c1b929,nxf-TrD9qyudd3YDIKNfgNkKpu9H
15:16:15.107,588.790631,f85b17c1b929,nxf-TrD9qyudd3YDIKNfgNkKpu9H
15:16:15.607,588.790631,f85b17c1b929,nxf-TrD9qyudd3YDIKNfgNkKpu9H
15:16:16.107,588.790631,f85b17c1b929,nxf-TrD9qyudd3YDIKNfgNkKpu9H
15:16:16.607,588.790631,f85b17c1b929,nxf-TrD9qyudd3YDIKNfgNkKpu9H
15:16:17.107,588.790631,f85b17c1b929,nxf-TrD9qyudd3YDIKNfgNkKpu9H
15:16:17.607,588.790631,f85b17c1b929,nxf-TrD9qyudd3YDIKNfgNkKpu9H
15:16:18.107,588.790631,f85b17c1b929,nxf-TrD9qyudd3YDIKNfgNkKpu9H
15:16:18.607,588.790631,f85b17c1b929,nxf-TrD9qyudd3YDIKNfgNkKpu9H
15:16:19.107,588.790631,f85b17c1b929,nxf-TrD9qyudd3YDIKNfgNkKpu9H
15:16:19.607,588.790631,f85b17c1b929,nxf-TrD9qyudd3YDIKNfgNkKpu9H
15:16:20.107,588.790631,f85b17c1b929,nxf-TrD9qyudd3YDIKNfgNkKpu9H
15:16:20.607,588.790631,f85b17c1b929,nxf-TrD9qyudd3YDIKNfgNkKpu9H
15:16:21.107,588.790631,f85b17c1b929,nxf-TrD9qyudd3YDIKNfgNkKpu9H
15:16:21.607,588.790631,f85b17c1b929,nxf-TrD9qyudd3YDIKNfgNkKpu9H
15:15:44.629,0.418942,3a69a1fa8bfa,nxf-qDilxwaxmY8uJ5TscM5fDPNc
15:15:45.129,0.418942,3a69a1fa8bfa,nxf-qDilxwaxmY8uJ5TscM5fDPNc
15:15:45.629,0.418942,3a69a1fa8bfa,nxf-qDilxwaxmY8uJ5TscM5fDPNc
15:15:46.129,1625.247297,3a69a1fa8bfa,nxf-qDilxwaxmY8uJ5TscM5fDPNc
15:15:46.629,1625.247297,3a69a1fa8bfa,nxf-qDilxwaxmY8uJ5TscM5fDPNc
15:15:47.129,1625.247297,3a69a1fa8bfa,nxf-qDilxwaxmY8uJ5TscM5fDPNc
15:15:47.629,1625.247297,3a69a1fa8bfa,nxf-qDilxwaxmY8uJ5TscM5fDPNc
15:15:48.129,1625.247297,3a69a1fa8bfa,nxf-qDilxwaxmY8uJ5TscM5fDPNc
15:15:48.629,1625.247297,3a69a1fa8bfa,nxf-qDilxwaxmY8uJ5TscM5fDPNc
15:15:49.129,1625.247297,3a69a1fa8bfa,nxf-qDilxwaxmY8uJ5TscM5fDPNc
15:15:49.629,1625.247297,3a69a1fa8bfa,nxf-qDilxwaxmY8uJ5TscM5fDPNc
15:15:50.129,1625.247297,3a69a1fa8bfa,nxf-qDilxwaxmY8uJ5TscM5fDPNc
15:15:50.629,1625.247297,3a69a1fa8bfa,nxf-qDilxwaxmY8uJ5TscM5fDPNc
15:15:51.129,1625.247297,3a69a1fa8bfa,nxf-qDilxwaxmY8uJ5TscM5fDPNc
15:15:51.629,1625.247297,3a69a1fa8bfa,nxf-qDilxwaxmY8uJ5TscM5fDPNc
15:15:52.129,1625.247297,3a69a1fa8bfa,nxf-qDilxwaxmY8uJ5TscM5fDPNc
15:15:52.629,1625.247297,3a69a1fa8bfa,nxf-qDilxwaxmY8uJ5TscM5fDPNc
15:15:53.129,1625.247297,3a69a1fa8bfa,nxf-qDilxwaxmY8uJ5TscM5fDPNc
15:15:53.629,1625.247297,3a69a1fa8bfa,nxf-qDilxwaxmY8uJ5TscM5fDPNc
15:15:54.129,1625.247297,3a69a1fa8bfa,nxf-qDilxwaxmY8uJ5TscM5fDPNc
15:15:54.629,1625.247297,3a69a1fa8bfa,nxf-qDilxwaxmY8uJ5TscM5fDPNc
15:15:55.129,1625.247297,3a69a1fa8bfa,nxf-qDilxwaxmY8uJ5TscM5fDPNc
15:15:55.629,1625.247297,3a69a1fa8bfa,nxf-qDilxwaxmY8uJ5TscM5fDPNc
15:15:56.129,1625.247297,3a69a1fa8bfa,nxf-qDilxwaxmY8uJ5TscM5fDPNc
15:15:56.629,1625.247297,3a69a1fa8bfa,nxf-qDilxwaxmY8uJ5TscM5fDPNc
15:15:57.129,1625.247297,3a69a1fa8bfa,nxf-qDilxwaxmY8uJ5TscM5fDPNc
15:15:57.629,1625.247297,3a69a1fa8bfa,nxf-qDilxwaxmY8uJ5TscM5fDPNc
15:15:58.129,1625.247297,3a69a1fa8bfa,nxf-qDilxwaxmY8uJ5TscM5fDPNc
15:15:58.629,1625.247297,3a69a1fa8bfa,nxf-qDilxwaxmY8uJ5TscM5fDPNc
15:15:59.129,1625.247297,3a69a1fa8bfa,nxf-qDilxwaxmY8uJ5TscM5fDPNc
15:15:59.629,1625.247297,3a69a1fa8bfa,nxf-qDilxwaxmY8uJ5TscM5fDPNc
15:16:00.129,1625.247297,3a69a1fa8bfa,nxf-qDilxwaxmY8uJ5TscM5fDPNc
15:16:00.629,1625.247297,3a69a1fa8bfa,nxf-qDilxwaxmY8uJ5TscM5fDPNc
15:16:01.129,1625.247297,3a69a1fa8bfa,nxf-qDilxwaxmY8uJ5TscM5fDPNc
15:16:01.629,1625.247297,3a69a1fa8bfa,nxf-qDilxwaxmY8uJ5TscM5fDPNc
15:16:02.129,1625.247297,3a69a1fa8bfa,nxf-qDilxwaxmY8uJ5TscM5fDPNc
15:16:02.629,1625.247297,3a69a1fa8bfa,nxf-qDilxwaxmY8uJ5TscM5fDPNc
15:16:03.129,1625.247297,3a69a1fa8bfa,nxf-qDilxwaxmY8uJ5TscM5fDPNc
15:16:03.629,1625.247297,3a69a1fa8bfa,nxf-qDilxwaxmY8uJ5TscM5fDPNc
15:16:04.129,1625.247297,3a69a1fa8bfa,nxf-qDilxwaxmY8uJ5TscM5fDPNc
15:16:04.629,1625.247297,3a69a1fa8bfa,nxf-qDilxwaxmY8uJ5TscM5fDPNc
15:16:05.129,1625.247297,3a69a1fa8bfa,nxf-qDilxwaxmY8uJ5TscM5fDPNc
15:16:05.629,1625.247297,3a69a1fa8bfa,nxf-qDilxwaxmY8uJ5TscM5fDPNc
15:16:06.129,1625.247297,3a69a1fa8bfa,nxf-qDilxwaxmY8uJ5TscM5fDPNc
15:16:06.629,1625.247297,3a69a1fa8bfa,nxf-qDilxwaxmY8uJ5TscM5fDPNc
15:16:07.129,1625.247297,3a69a1fa8bfa,nxf-qDilxwaxmY8uJ5TscM5fDPNc
15:16:07.629,1625.247297,3a69a1fa8bfa,nxf-qDilxwaxmY8uJ5TscM5fDPNc
15:16:08.129,1625.247297,3a69a1fa8bfa,nxf-qDilxwaxmY8uJ5TscM5fDPNc
15:16:08.629,1625.247297,3a69a1fa8bfa,nxf-qDilxwaxmY8uJ5TscM5fDPNc
15:16:09.129,1625.247297,3a69a1fa8bfa,nxf-qDilxwaxmY8uJ5TscM5fDPNc
15:16:09.629,1625.247297,3a69a1fa8bfa,nxf-qDilxwaxmY8uJ5TscM5fDPNc
15:16:10.129,1625.247297,3a69a1fa8bfa,nxf-qDilxwaxmY8uJ5TscM5fDPNc
15:16:10.629,1625.247297,3a69a1fa8bfa,nxf-qDilxwaxmY8uJ5TscM5fDPNc
15:16:11.129,1625.247297,3a69a1fa8bfa,nxf-qDilxwaxmY8uJ5TscM5fDPNc
15:16:11.629,1625.247297,3a69a1fa8bfa,nxf-qDilxwaxmY8uJ5TscM5fDPNc
15:16:12.129,1625.247297,3a69a1fa8bfa,nxf-qDilxwaxmY8uJ5TscM5fDPNc
15:16:12.629,1625.247297,3a69a1fa8bfa,nxf-qDilxwaxmY8uJ5TscM5fDPNc
15:16:13.129,1625.247297,3a69a1fa8bfa,nxf-qDilxwaxmY8uJ5TscM5fDPNc
15:16:13.629,1625.247297,3a69a1fa8bfa,nxf-qDilxwaxmY8uJ5TscM5fDPNc
15:16:14.129,1625.247297,3a69a1fa8bfa,nxf-qDilxwaxmY8uJ5TscM5fDPNc
15:16:14.629,1625.247297,3a69a1fa8bfa,nxf-qDilxwaxmY8uJ5TscM5fDPNc
15:16:15.129,1625.247297,3a69a1fa8bfa,nxf-qDilxwaxmY8uJ5TscM5fDPNc
15:16:15.629,1625.247297,3a69a1fa8bfa,nxf-qDilxwaxmY8uJ5TscM5fDPNc
15:16:16.129,1625.247297,3a69a1fa8bfa,nxf-qDilxwaxmY8uJ5TscM5fDPNc
15:16:16.629,1625.247297,3a69a1fa8bfa,nxf-qDilxwaxmY8uJ5TscM5fDPNc
15:16:17.129,1625.247297,3a69a1fa8bfa,nxf-qDilxwaxmY8uJ5TscM5fDPNc
15:16:17.629,1625.247297,3a69a1fa8bfa,nxf-qDilxwaxmY8uJ5TscM5fDPNc
15:16:18.129,1625.247297,3a69a1fa8bfa,nxf-qDilxwaxmY8uJ5TscM5fDPNc
15:16:18.629,1625.247297,3a69a1fa8bfa,nxf-qDilxwaxmY8uJ5TscM5fDPNc
15:16:19.129,1625.247297,3a69a1fa8bfa,nxf-qDilxwaxmY8uJ5TscM5fDPNc
15:16:19.629,1625.247297,3a69a1fa8bfa,nxf-qDilxwaxmY8uJ5TscM5fDPNc
15:16:20.129,1625.247297,3a69a1fa8bfa,nxf-qDilxwaxmY8uJ5TscM5fDPNc
15:16:20.629,1625.247297,3a69a1fa8bfa,nxf-qDilxwaxmY8uJ5TscM5fDPNc
15:16:21.129,1625.247297,3a69a1fa8bfa,nxf-qDilxwaxmY8uJ5TscM5fDPNc
15:16:21.629,1625.247297,3a69a1fa8bfa,nxf-qDilxwaxmY8uJ5TscM5fDPNc
15:16:22.129,1625.247297,3a69a1fa8bfa,nxf-qDilxwaxmY8uJ5TscM5fDPNc
15:16:22.629,1625.247297,3a69a1fa8bfa,nxf-qDilxwaxmY8uJ5TscM5fDPNc
15:16:23.129,1625.247297,3a69a1fa8bfa,nxf-qDilxwaxmY8uJ5TscM5fDPNc
15:16:23.629,1625.247297,3a69a1fa8bfa,nxf-qDilxwaxmY8uJ5TscM5fDPNc
15:16:24.129,1625.247297,3a69a1fa8bfa,nxf-qDilxwaxmY8uJ5TscM5fDPNc
15:16:24.629,1625.247297,3a69a1fa8bfa,nxf-qDilxwaxmY8uJ5TscM5fDPNc
15:16:25.129,1625.247297,3a69a1fa8bfa,nxf-qDilxwaxmY8uJ5TscM5fDPNc
15:16:25.629,1625.247297,3a69a1fa8bfa,nxf-qDilxwaxmY8uJ5TscM5fDPNc
15:15:54.112,14.264117,571c35ad2394,nxf-SX1AWI1RbvjBo0PJOwC1FAFw
15:15:54.612,14.264117,571c35ad2394,nxf-SX1AWI1RbvjBo0PJOwC1FAFw
15:15:55.112,14.264117,571c35ad2394,nxf-SX1AWI1RbvjBo0PJOwC1FAFw
15:15:55.612,104.483571,571c35ad2394,nxf-SX1AWI1RbvjBo0PJOwC1FAFw
15:15:56.112,104.483571,571c35ad2394,nxf-SX1AWI1RbvjBo0PJOwC1FAFw
15:15:56.612,0.187645,571c35ad2394,nxf-SX1AWI1RbvjBo0PJOwC1FAFw
15:15:57.112,0.187645,571c35ad2394,nxf-SX1AWI1RbvjBo0PJOwC1FAFw
15:15:57.612,0.187645,571c35ad2394,nxf-SX1AWI1RbvjBo0PJOwC1FAFw
15:15:58.112,5.944769,571c35ad2394,nxf-SX1AWI1RbvjBo0PJOwC1FAFw
15:15:58.612,5.944769,571c35ad2394,nxf-SX1AWI1RbvjBo0PJOwC1FAFw
15:15:59.112,5.944769,571c35ad2394,nxf-SX1AWI1RbvjBo0PJOwC1FAFw
15:15:59.612,227.749600,571c35ad2394,nxf-SX1AWI1RbvjBo0PJOwC1FAFw
15:16:00.112,227.749600,571c35ad2394,nxf-SX1AWI1RbvjBo0PJOwC1FAFw
15:16:00.612,227.749600,571c35ad2394,nxf-SX1AWI1RbvjBo0PJOwC1FAFw
15:16:01.112,227.749600,571c35ad2394,nxf-SX1AWI1RbvjBo0PJOwC1FAFw
15:16:01.612,227.749600,571c35ad2394,nxf-SX1AWI1RbvjBo0PJOwC1FAFw
15:16:02.112,450.341993,571c35ad2394,nxf-SX1AWI1RbvjBo0PJOwC1FAFw
15:16:02.612,450.341993,571c35ad2394,nxf-SX1AWI1RbvjBo0PJOwC1FAFw
15:16:03.112,450.341993,571c35ad2394,nxf-SX1AWI1RbvjBo0PJOwC1FAFw
15:16:03.612,0.407458,571c35ad2394,nxf-SX1AWI1RbvjBo0PJOwC1FAFw
15:16:04.112,0.407458,571c35ad2394,nxf-SX1AWI1RbvjBo0PJOwC1FAFw
15:16:04.612,0.201307,571c35ad2394,nxf-SX1AWI1RbvjBo0PJOwC1FAFw
15:16:05.112,0.201307,571c35ad2394,nxf-SX1AWI1RbvjBo0PJOwC1FAFw
15:16:05.612,0.201307,571c35ad2394,nxf-SX1AWI1RbvjBo0PJOwC1FAFw
15:16:06.112,0.131659,571c35ad2394,nxf-SX1AWI1RbvjBo0PJOwC1FAFw
15:16:06.612,0.131659,571c35ad2394,nxf-SX1AWI1RbvjBo0PJOwC1FAFw
15:16:07.112,0.131659,571c35ad2394,nxf-SX1AWI1RbvjBo0PJOwC1FAFw
15:16:07.612,0.135930,571c35ad2394,nxf-SX1AWI1RbvjBo0PJOwC1FAFw
15:16:08.112,0.135930,571c35ad2394,nxf-SX1AWI1RbvjBo0PJOwC1FAFw
15:16:08.612,74.715554,571c35ad2394,nxf-SX1AWI1RbvjBo0PJOwC1FAFw
15:16:09.112,74.715554,571c35ad2394,nxf-SX1AWI1RbvjBo0PJOwC1FAFw
15:16:09.612,74.715554,571c35ad2394,nxf-SX1AWI1RbvjBo0PJOwC1FAFw
15:16:10.112,74.715554,571c35ad2394,nxf-SX1AWI1RbvjBo0PJOwC1FAFw
15:16:10.612,74.715554,571c35ad2394,nxf-SX1AWI1RbvjBo0PJOwC1FAFw
15:16:11.112,74.715554,571c35ad2394,nxf-SX1AWI1RbvjBo0PJOwC1FAFw
15:16:11.612,74.715554,571c35ad2394,nxf-SX1AWI1RbvjBo0PJOwC1FAFw
15:16:12.112,74.715554,571c35ad2394,nxf-SX1AWI1RbvjBo0PJOwC1FAFw
15:16:12.612,74.715554,571c35ad2394,nxf-SX1AWI1RbvjBo0PJOwC1FAFw
15:16:13.112,74.715554,571c35ad2394,nxf-SX1AWI1RbvjBo0PJOwC1FAFw
15:16:13.612,74.715554,571c35ad2394,nxf-SX1AWI1RbvjBo0PJOwC1FAFw
15:16:14.112,74.715554,571c35ad2394,nxf-SX1AWI1RbvjBo0PJOwC1FAFw
15:16:14.612,74.715554,571c35ad2394,nxf-SX1AWI1RbvjBo0PJOwC1FAFw
15:16:15.112,74.715554,571c35ad2394,nxf-SX1AWI1RbvjBo0PJOwC1FAFw
15:16:15.612,74.715554,571c35ad2394,nxf-SX1AWI1RbvjBo0PJOwC1FAFw
15:16:16.112,74.715554,571c35ad2394,nxf-SX1AWI1RbvjBo0PJOwC1FAFw
15:16:16.612,74.715554,571c35ad2394,nxf-SX1AWI1RbvjBo0PJOwC1FAFw
15:16:17.112,74.715554,571c35ad2394,nxf-SX1AWI1RbvjBo0PJOwC1FAFw
15:16:17.612,74.715554,571c35ad2394,nxf-SX1AWI1RbvjBo0PJOwC1FAFw
15:16:18.112,74.715554,571c35ad2394,nxf-SX1AWI1RbvjBo0PJOwC1FAFw
15:16:18.612,74.715554,571c35ad2394,nxf-SX1AWI1RbvjBo0PJOwC1FAFw
15:16:19.112,74.715554,571c35ad2394,nxf-SX1AWI1RbvjBo0PJOwC1FAFw
15:16:19.612,74.715554,571c35ad2394,nxf-SX1AWI1RbvjBo0PJOwC1FAFw
15:16:20.112,74.715554,571c35ad2394,nxf-SX1AWI1RbvjBo0PJOwC1FAFw
15:16:20.612,74.715554,571c35ad2394,nxf-SX1AWI1RbvjBo0PJOwC1FAFw
15:16:21.112,74.715554,571c35ad2394,nxf-SX1AWI1RbvjBo0PJOwC1FAFw
15:16:21.612,74.715554,571c35ad2394,nxf-SX1AWI1RbvjBo0PJOwC1FAFw
15:16:22.112,74.715554,571c35ad2394,nxf-SX1AWI1RbvjBo0PJOwC1FAFw
15:16:22.612,74.715554,571c35ad2394,nxf-SX1AWI1RbvjBo0PJOwC1FAFw
15:16:23.112,74.715554,571c35ad2394,nxf-SX1AWI1RbvjBo0PJOwC1FAFw
15:16:23.612,74.715554,571c35ad2394,nxf-SX1AWI1RbvjBo0PJOwC1FAFw
15:16:24.112,74.715554,571c35ad2394,nxf-SX1AWI1RbvjBo0PJOwC1FAFw
15:16:24.612,74.715554,571c35ad2394,nxf-SX1AWI1RbvjBo0PJOwC1FAFw
15:16:25.112,74.715554,571c35ad2394,nxf-SX1AWI1RbvjBo0PJOwC1FAFw
15:16:25.612,74.715554,571c35ad2394,nxf-SX1AWI1RbvjBo0PJOwC1FAFw
15:16:26.112,74.715554,571c35ad2394,nxf-SX1AWI1RbvjBo0PJOwC1FAFw
15:16:26.612,74.715554,571c35ad2394,nxf-SX1AWI1RbvjBo0PJOwC1FAFw
15:16:27.112,74.715554,571c35ad2394,nxf-SX1AWI1RbvjBo0PJOwC1FAFw
15:16:27.612,74.715554,571c35ad2394,nxf-SX1AWI1RbvjBo0PJOwC1FAFw
15:16:28.112,74.715554,571c35ad2394,nxf-SX1AWI1RbvjBo0PJOwC1FAFw
15:16:28.612,74.715554,571c35ad2394,nxf-SX1AWI1RbvjBo0PJOwC1FAFw
15:16:29.112,74.715554,571c35ad2394,nxf-SX1AWI1RbvjBo0PJOwC1FAFw
15:16:29.612,74.715554,571c35ad2394,nxf-SX1AWI1RbvjBo0PJOwC1FAFw
15:16:30.112,74.715554,571c35ad2394,nxf-SX1AWI1RbvjBo0PJOwC1FAFw
15:16:30.612,74.715554,571c35ad2394,nxf-SX1AWI1RbvjBo0PJOwC1FAFw
15:16:31.112,74.715554,571c35ad2394,nxf-SX1AWI1RbvjBo0PJOwC1FAFw
15:16:31.612,74.715554,571c35ad2394,nxf-SX1AWI1RbvjBo0PJOwC1FAFw
15:16:32.112,74.715554,571c35ad2394,nxf-SX1AWI1RbvjBo0PJOwC1FAFw
15:16:32.612,74.715554,571c35ad2394,nxf-SX1AWI1RbvjBo0PJOwC1FAFw
15:16:33.112,74.715554,571c35ad2394,nxf-SX1AWI1RbvjBo0PJOwC1FAFw
15:16:33.612,74.715554,571c35ad2394,nxf-SX1AWI1RbvjBo0PJOwC1FAFw
15:16:34.112,74.715554,571c35ad2394,nxf-SX1AWI1RbvjBo0PJOwC1FAFw
15:16:34.612,74.715554,571c35ad2394,nxf-SX1AWI1RbvjBo0PJOwC1FAFw
15:16:35.112,74.715554,571c35ad2394,nxf-SX1AWI1RbvjBo0PJOwC1FAFw
15:16:35.612,74.715554,571c35ad2394,nxf-SX1AWI1RbvjBo0PJOwC1FAFw
15:16:36.112,74.715554,571c35ad2394,nxf-SX1AWI1RbvjBo0PJOwC1FAFw
15:16:36.612,74.715554,571c35ad2394,nxf-SX1AWI1RbvjBo0PJOwC1FAFw
15:16:37.112,74.715554,571c35ad2394,nxf-SX1AWI1RbvjBo0PJOwC1FAFw
15:16:37.612,74.715554,571c35ad2394,nxf-SX1AWI1RbvjBo0PJOwC1FAFw
15:16:38.112,74.715554,571c35ad2394,nxf-SX1AWI1RbvjBo0PJOwC1FAFw
15:16:38.612,74.715554,571c35ad2394,nxf-SX1AWI1RbvjBo0PJOwC1FAFw
15:16:39.112,74.715554,571c35ad2394,nxf-SX1AWI1RbvjBo0PJOwC1FAFw
15:16:39.612,74.715554,571c35ad2394,nxf-SX1AWI1RbvjBo0PJOwC1FAFw
15:16:40.112,74.715554,571c35ad2394,nxf-SX1AWI1RbvjBo0PJOwC1FAFw
15:16:40.612,74.715554,571c35ad2394,nxf-SX1AWI1RbvjBo0PJOwC1FAFw
15:16:41.112,74.715554,571c35ad2394,nxf-SX1AWI1RbvjBo0PJOwC1FAFw
15:16:41.612,74.715554,571c35ad2394,nxf-SX1AWI1RbvjBo0PJOwC1FAFw
15:16:42.112,74.715554,571c35ad2394,nxf-SX1AWI1RbvjBo0PJOwC1FAFw
15:16:42.612,74.715554,571c35ad2394,nxf-SX1AWI1RbvjBo0PJOwC1FAFw
15:16:43.112,74.715554,571c35ad2394,nxf-SX1AWI1RbvjBo0PJOwC1FAFw
15:16:43.612,74.715554,571c35ad2394,nxf-SX1AWI1RbvjBo0PJOwC1FAFw
15:16:44.112,74.715554,571c35ad2394,nxf-SX1AWI1RbvjBo0PJOwC1FAFw
15:16:44.612,74.715554,571c35ad2394,nxf-SX1AWI1RbvjBo0PJOwC1FAFw
15:16:45.112,74.715554,571c35ad2394,nxf-SX1AWI1RbvjBo0PJOwC1FAFw
15:16:45.612,74.715554,571c35ad2394,nxf-SX1AWI1RbvjBo0PJOwC1FAFw
15:16:46.112,74.715554,571c35ad2394,nxf-SX1AWI1RbvjBo0PJOwC1FAFw
15:16:46.612,74.715554,571c35ad2394,nxf-SX1AWI1RbvjBo0PJOwC1FAFw
15:16:47.112,74.715554,571c35ad2394,nxf-SX1AWI1RbvjBo0PJOwC1FAFw
15:16:47.612,74.715554,571c35ad2394,nxf-SX1AWI1RbvjBo0PJOwC1FAFw
15:16:48.112,74.715554,571c35ad2394,nxf-SX1AWI1RbvjBo0PJOwC1FAFw
15:16:13.093,1.850064,125608379dbe,nxf-1AUOV7AhBGVUbCmee5WApTRX
15:16:13.593,1.850064,125608379dbe,nxf-1AUOV7AhBGVUbCmee5WApTRX
15:16:14.093,1.850064,125608379dbe,nxf-1AUOV7AhBGVUbCmee5WApTRX
15:16:14.593,1.850064,125608379dbe,nxf-1AUOV7AhBGVUbCmee5WApTRX
15:16:15.093,1.850064,125608379dbe,nxf-1AUOV7AhBGVUbCmee5WApTRX
15:16:15.593,1.850064,125608379dbe,nxf-1AUOV7AhBGVUbCmee5WApTRX
15:16:16.093,1.850064,125608379dbe,nxf-1AUOV7AhBGVUbCmee5WApTRX
15:16:16.593,1.850064,125608379dbe,nxf-1AUOV7AhBGVUbCmee5WApTRX
15:16:17.093,1.850064,125608379dbe,nxf-1AUOV7AhBGVUbCmee5WApTRX
15:16:17.593,1.850064,125608379dbe,nxf-1AUOV7AhBGVUbCmee5WApTRX
15:16:18.093,1.850064,125608379dbe,nxf-1AUOV7AhBGVUbCmee5WApTRX
15:16:18.593,1.850064,125608379dbe,nxf-1AUOV7AhBGVUbCmee5WApTRX
15:16:19.093,1.850064,125608379dbe,nxf-1AUOV7AhBGVUbCmee5WApTRX
15:16:19.593,1.850064,125608379dbe,nxf-1AUOV7AhBGVUbCmee5WApTRX
15:16:20.093,1.850064,125608379dbe,nxf-1AUOV7AhBGVUbCmee5WApTRX
15:16:20.593,1.850064,125608379dbe,nxf-1AUOV7AhBGVUbCmee5WApTRX
15:16:21.093,1.850064,125608379dbe,nxf-1AUOV7AhBGVUbCmee5WApTRX
15:16:21.593,1.850064,125608379dbe,nxf-1AUOV7AhBGVUbCmee5WApTRX
15:16:22.093,1.850064,125608379dbe,nxf-1AUOV7AhBGVUbCmee5WApTRX
15:16:22.593,1.850064,125608379dbe,nxf-1AUOV7AhBGVUbCmee5WApTRX
15:16:23.093,1.850064,125608379dbe,nxf-1AUOV7AhBGVUbCmee5WApTRX
15:16:23.593,1.850064,125608379dbe,nxf-1AUOV7AhBGVUbCmee5WApTRX
15:16:24.093,1.850064,125608379dbe,nxf-1AUOV7AhBGVUbCmee5WApTRX
15:16:24.593,1.850064,125608379dbe,nxf-1AUOV7AhBGVUbCmee5WApTRX
15:16:25.093,1.850064,125608379dbe,nxf-1AUOV7AhBGVUbCmee5WApTRX
15:16:25.593,1.850064,125608379dbe,nxf-1AUOV7AhBGVUbCmee5WApTRX
15:16:26.093,1.850064,125608379dbe,nxf-1AUOV7AhBGVUbCmee5WApTRX
15:16:26.593,1.850064,125608379dbe,nxf-1AUOV7AhBGVUbCmee5WApTRX
15:16:27.093,1.850064,125608379dbe,nxf-1AUOV7AhBGVUbCmee5WApTRX
15:16:27.593,1.850064,125608379dbe,nxf-1AUOV7AhBGVUbCmee5WApTRX
15:16:28.093,1.850064,125608379dbe,nxf-1AUOV7AhBGVUbCmee5WApTRX
15:16:28.593,1.850064,125608379dbe,nxf-1AUOV7AhBGVUbCmee5WApTRX
15:16:29.093,1.850064,125608379dbe,nxf-1AUOV7AhBGVUbCmee5WApTRX
15:16:29.593,1.850064,125608379dbe,nxf-1AUOV7AhBGVUbCmee5WApTRX
15:16:30.093,1.850064,125608379dbe,nxf-1AUOV7AhBGVUbCmee5WApTRX
15:16:30.593,1.850064,125608379dbe,nxf-1AUOV7AhBGVUbCmee5WApTRX
15:16:31.093,1.850064,125608379dbe,nxf-1AUOV7AhBGVUbCmee5WApTRX
15:16:31.593,1.850064,125608379dbe,nxf-1AUOV7AhBGVUbCmee5WApTRX
15:16:32.093,1.850064,125608379dbe,nxf-1AUOV7AhBGVUbCmee5WApTRX
15:16:32.593,1.850064,125608379dbe,nxf-1AUOV7AhBGVUbCmee5WApTRX
15:16:33.093,1.850064,125608379dbe,nxf-1AUOV7AhBGVUbCmee5WApTRX
15:16:33.593,1.850064,125608379dbe,nxf-1AUOV7AhBGVUbCmee5WApTRX
15:16:34.093,1.850064,125608379dbe,nxf-1AUOV7AhBGVUbCmee5WApTRX
15:16:34.593,1.850064,125608379dbe,nxf-1AUOV7AhBGVUbCmee5WApTRX
15:16:35.093,1.850064,125608379dbe,nxf-1AUOV7AhBGVUbCmee5WApTRX
15:16:35.593,1.850064,125608379dbe,nxf-1AUOV7AhBGVUbCmee5WApTRX
15:16:36.093,1.850064,125608379dbe,nxf-1AUOV7AhBGVUbCmee5WApTRX
15:16:36.593,1.850064,125608379dbe,nxf-1AUOV7AhBGVUbCmee5WApTRX
15:16:37.093,1.850064,125608379dbe,nxf-1AUOV7AhBGVUbCmee5WApTRX
15:16:37.593,1.850064,125608379dbe,nxf-1AUOV7AhBGVUbCmee5WApTRX
15:16:38.093,1.850064,125608379dbe,nxf-1AUOV7AhBGVUbCmee5WApTRX
15:16:38.593,1.850064,125608379dbe,nxf-1AUOV7AhBGVUbCmee5WApTRX
15:16:39.093,1.850064,125608379dbe,nxf-1AUOV7AhBGVUbCmee5WApTRX
15:16:39.593,1.850064,125608379dbe,nxf-1AUOV7AhBGVUbCmee5WApTRX
15:16:40.093,1.850064,125608379dbe,nxf-1AUOV7AhBGVUbCmee5WApTRX
15:16:40.593,1.850064,125608379dbe,nxf-1AUOV7AhBGVUbCmee5WApTRX
15:16:41.093,1.850064,125608379dbe,nxf-1AUOV7AhBGVUbCmee5WApTRX
15:16:41.593,1.850064,125608379dbe,nxf-1AUOV7AhBGVUbCmee5WApTRX
15:16:42.093,1.850064,125608379dbe,nxf-1AUOV7AhBGVUbCmee5WApTRX
15:16:42.593,1.850064,125608379dbe,nxf-1AUOV7AhBGVUbCmee5WApTRX
15:16:43.093,1.850064,125608379dbe,nxf-1AUOV7AhBGVUbCmee5WApTRX
15:16:43.593,1.850064,125608379dbe,nxf-1AUOV7AhBGVUbCmee5WApTRX
15:16:44.093,1.850064,125608379dbe,nxf-1AUOV7AhBGVUbCmee5WApTRX
15:16:44.593,1.850064,125608379dbe,nxf-1AUOV7AhBGVUbCmee5WApTRX
15:16:45.093,1.850064,125608379dbe,nxf-1AUOV7AhBGVUbCmee5WApTRX
15:16:45.593,1.850064,125608379dbe,nxf-1AUOV7AhBGVUbCmee5WApTRX
15:16:46.093,1.850064,125608379dbe,nxf-1AUOV7AhBGVUbCmee5WApTRX
15:16:46.593,1.850064,125608379dbe,nxf-1AUOV7AhBGVUbCmee5WApTRX
15:16:47.093,1.850064,125608379dbe,nxf-1AUOV7AhBGVUbCmee5WApTRX
15:16:47.593,1.850064,125608379dbe,nxf-1AUOV7AhBGVUbCmee5WApTRX
15:16:48.093,1.850064,125608379dbe,nxf-1AUOV7AhBGVUbCmee5WApTRX
15:16:48.593,1.850064,125608379dbe,nxf-1AUOV7AhBGVUbCmee5WApTRX
15:16:49.093,1.850064,125608379dbe,nxf-1AUOV7AhBGVUbCmee5WApTRX
15:16:49.593,1.850064,125608379dbe,nxf-1AUOV7AhBGVUbCmee5WApTRX
15:16:50.093,1.850064,125608379dbe,nxf-1AUOV7AhBGVUbCmee5WApTRX
15:16:50.593,1.850064,125608379dbe,nxf-1AUOV7AhBGVUbCmee5WApTRX
15:16:51.093,1.850064,125608379dbe,nxf-1AUOV7AhBGVUbCmee5WApTRX
15:16:51.593,1.850064,125608379dbe,nxf-1AUOV7AhBGVUbCmee5WApTRX
15:16:52.093,1.850064,125608379dbe,nxf-1AUOV7AhBGVUbCmee5WApTRX
15:16:52.593,1.850064,125608379dbe,nxf-1AUOV7AhBGVUbCmee5WApTRX
15:16:13.111,189.087464,774c8fdba5d2,nxf-0mUZ0M8vpF30z1CEoXjCQQbH
15:16:13.611,189.087464,774c8fdba5d2,nxf-0mUZ0M8vpF30z1CEoXjCQQbH
15:16:14.111,189.087464,774c8fdba5d2,nxf-0mUZ0M8vpF30z1CEoXjCQQbH
15:16:14.611,189.087464,774c8fdba5d2,nxf-0mUZ0M8vpF30z1CEoXjCQQbH
15:16:15.111,189.087464,774c8fdba5d2,nxf-0mUZ0M8vpF30z1CEoXjCQQbH
15:16:15.611,189.087464,774c8fdba5d2,nxf-0mUZ0M8vpF30z1CEoXjCQQbH
15:16:16.111,189.087464,774c8fdba5d2,nxf-0mUZ0M8vpF30z1CEoXjCQQbH
15:16:16.611,189.087464,774c8fdba5d2,nxf-0mUZ0M8vpF30z1CEoXjCQQbH
15:16:17.111,189.087464,774c8fdba5d2,nxf-0mUZ0M8vpF30z1CEoXjCQQbH
15:16:17.611,189.087464,774c8fdba5d2,nxf-0mUZ0M8vpF30z1CEoXjCQQbH
15:16:18.111,189.087464,774c8fdba5d2,nxf-0mUZ0M8vpF30z1CEoXjCQQbH
15:16:18.611,189.087464,774c8fdba5d2,nxf-0mUZ0M8vpF30z1CEoXjCQQbH
15:16:19.111,189.087464,774c8fdba5d2,nxf-0mUZ0M8vpF30z1CEoXjCQQbH
15:16:19.611,189.087464,774c8fdba5d2,nxf-0mUZ0M8vpF30z1CEoXjCQQbH
15:16:20.111,189.087464,774c8fdba5d2,nxf-0mUZ0M8vpF30z1CEoXjCQQbH
15:16:20.611,189.087464,774c8fdba5d2,nxf-0mUZ0M8vpF30z1CEoXjCQQbH
15:16:21.111,189.087464,774c8fdba5d2,nxf-0mUZ0M8vpF30z1CEoXjCQQbH
15:16:21.611,189.087464,774c8fdba5d2,nxf-0mUZ0M8vpF30z1CEoXjCQQbH
15:16:22.111,189.087464,774c8fdba5d2,nxf-0mUZ0M8vpF30z1CEoXjCQQbH
15:16:22.611,189.087464,774c8fdba5d2,nxf-0mUZ0M8vpF30z1CEoXjCQQbH
15:16:23.111,189.087464,774c8fdba5d2,nxf-0mUZ0M8vpF30z1CEoXjCQQbH
15:16:23.611,189.087464,774c8fdba5d2,nxf-0mUZ0M8vpF30z1CEoXjCQQbH
15:16:24.111,189.087464,774c8fdba5d2,nxf-0mUZ0M8vpF30z1CEoXjCQQbH
15:16:24.611,189.087464,774c8fdba5d2,nxf-0mUZ0M8vpF30z1CEoXjCQQbH
15:16:25.111,189.087464,774c8fdba5d2,nxf-0mUZ0M8vpF30z1CEoXjCQQbH
15:16:25.611,189.087464,774c8fdba5d2,nxf-0mUZ0M8vpF30z1CEoXjCQQbH
15:16:26.111,189.087464,774c8fdba5d2,nxf-0mUZ0M8vpF30z1CEoXjCQQbH
15:16:26.611,189.087464,774c8fdba5d2,nxf-0mUZ0M8vpF30z1CEoXjCQQbH
15:16:27.111,189.087464,774c8fdba5d2,nxf-0mUZ0M8vpF30z1CEoXjCQQbH
15:16:27.611,189.087464,774c8fdba5d2,nxf-0mUZ0M8vpF30z1CEoXjCQQbH
15:16:28.111,189.087464,774c8fdba5d2,nxf-0mUZ0M8vpF30z1CEoXjCQQbH
15:16:28.611,189.087464,774c8fdba5d2,nxf-0mUZ0M8vpF30z1CEoXjCQQbH
15:16:29.111,189.087464,774c8fdba5d2,nxf-0mUZ0M8vpF30z1CEoXjCQQbH
15:16:29.611,189.087464,774c8fdba5d2,nxf-0mUZ0M8vpF30z1CEoXjCQQbH
15:16:30.111,189.087464,774c8fdba5d2,nxf-0mUZ0M8vpF30z1CEoXjCQQbH
15:16:30.611,189.087464,774c8fdba5d2,nxf-0mUZ0M8vpF30z1CEoXjCQQbH
15:16:31.111,189.087464,774c8fdba5d2,nxf-0mUZ0M8vpF30z1CEoXjCQQbH
15:16:31.611,189.087464,774c8fdba5d2,nxf-0mUZ0M8vpF30z1CEoXjCQQbH
15:16:32.111,189.087464,774c8fdba5d2,nxf-0mUZ0M8vpF30z1CEoXjCQQbH
15:16:32.611,189.087464,774c8fdba5d2,nxf-0mUZ0M8vpF30z1CEoXjCQQbH
15:16:33.111,189.087464,774c8fdba5d2,nxf-0mUZ0M8vpF30z1CEoXjCQQbH
15:16:33.611,189.087464,774c8fdba5d2,nxf-0mUZ0M8vpF30z1CEoXjCQQbH
15:16:34.111,189.087464,774c8fdba5d2,nxf-0mUZ0M8vpF30z1CEoXjCQQbH
15:16:34.611,189.087464,774c8fdba5d2,nxf-0mUZ0M8vpF30z1CEoXjCQQbH
15:16:35.111,189.087464,774c8fdba5d2,nxf-0mUZ0M8vpF30z1CEoXjCQQbH
15:16:35.611,189.087464,774c8fdba5d2,nxf-0mUZ0M8vpF30z1CEoXjCQQbH
15:16:36.111,189.087464,774c8fdba5d2,nxf-0mUZ0M8vpF30z1CEoXjCQQbH
15:16:36.611,189.087464,774c8fdba5d2,nxf-0mUZ0M8vpF30z1CEoXjCQQbH
15:16:37.111,189.087464,774c8fdba5d2,nxf-0mUZ0M8vpF30z1CEoXjCQQbH
15:16:37.611,189.087464,774c8fdba5d2,nxf-0mUZ0M8vpF30z1CEoXjCQQbH
15:16:38.111,189.087464,774c8fdba5d2,nxf-0mUZ0M8vpF30z1CEoXjCQQbH
15:16:38.611,189.087464,774c8fdba5d2,nxf-0mUZ0M8vpF30z1CEoXjCQQbH
15:16:39.111,189.087464,774c8fdba5d2,nxf-0mUZ0M8vpF30z1CEoXjCQQbH
15:16:39.611,189.087464,774c8fdba5d2,nxf-0mUZ0M8vpF30z1CEoXjCQQbH
15:16:40.111,189.087464,774c8fdba5d2,nxf-0mUZ0M8vpF30z1CEoXjCQQbH
15:16:40.611,189.087464,774c8fdba5d2,nxf-0mUZ0M8vpF30z1CEoXjCQQbH
15:16:41.111,189.087464,774c8fdba5d2,nxf-0mUZ0M8vpF30z1CEoXjCQQbH
15:16:41.611,189.087464,774c8fdba5d2,nxf-0mUZ0M8vpF30z1CEoXjCQQbH
15:16:42.111,189.087464,774c8fdba5d2,nxf-0mUZ0M8vpF30z1CEoXjCQQbH
15:16:42.611,189.087464,774c8fdba5d2,nxf-0mUZ0M8vpF30z1CEoXjCQQbH
15:16:43.111,189.087464,774c8fdba5d2,nxf-0mUZ0M8vpF30z1CEoXjCQQbH
15:16:43.611,189.087464,774c8fdba5d2,nxf-0mUZ0M8vpF30z1CEoXjCQQbH
15:16:44.111,189.087464,774c8fdba5d2,nxf-0mUZ0M8vpF30z1CEoXjCQQbH
15:16:44.611,189.087464,774c8fdba5d2,nxf-0mUZ0M8vpF30z1CEoXjCQQbH
15:16:45.111,189.087464,774c8fdba5d2,nxf-0mUZ0M8vpF30z1CEoXjCQQbH
15:16:45.611,189.087464,774c8fdba5d2,nxf-0mUZ0M8vpF30z1CEoXjCQQbH
15:16:46.111,189.087464,774c8fdba5d2,nxf-0mUZ0M8vpF30z1CEoXjCQQbH
15:16:46.611,189.087464,774c8fdba5d2,nxf-0mUZ0M8vpF30z1CEoXjCQQbH
15:16:47.111,189.087464,774c8fdba5d2,nxf-0mUZ0M8vpF30z1CEoXjCQQbH
15:16:47.611,189.087464,774c8fdba5d2,nxf-0mUZ0M8vpF30z1CEoXjCQQbH
15:16:48.111,189.087464,774c8fdba5d2,nxf-0mUZ0M8vpF30z1CEoXjCQQbH
15:16:48.611,189.087464,774c8fdba5d2,nxf-0mUZ0M8vpF30z1CEoXjCQQbH
15:16:49.111,189.087464,774c8fdba5d2,nxf-0mUZ0M8vpF30z1CEoXjCQQbH
15:16:49.611,189.087464,774c8fdba5d2,nxf-0mUZ0M8vpF30z1CEoXjCQQbH
15:16:50.111,189.087464,774c8fdba5d2,nxf-0mUZ0M8vpF30z1CEoXjCQQbH
15:16:50.611,189.087464,774c8fdba5d2,nxf-0mUZ0M8vpF30z1CEoXjCQQbH
15:16:51.111,189.087464,774c8fdba5d2,nxf-0mUZ0M8vpF30z1CEoXjCQQbH
15:16:51.611,189.087464,774c8fdba5d2,nxf-0mUZ0M8vpF30z1CEoXjCQQbH
15:16:52.111,189.087464,774c8fdba5d2,nxf-0mUZ0M8vpF30z1CEoXjCQQbH
15:16:52.611,189.087464,774c8fdba5d2,nxf-0mUZ0M8vpF30z1CEoXjCQQbH
15:16:53.111,189.087464,774c8fdba5d2,nxf-0mUZ0M8vpF30z1CEoXjCQQbH
15:16:53.611,189.087464,774c8fdba5d2,nxf-0mUZ0M8vpF30z1CEoXjCQQbH
15:16:54.111,189.087464,774c8fdba5d2,nxf-0mUZ0M8vpF30z1CEoXjCQQbH
15:16:54.611,189.087464,774c8fdba5d2,nxf-0mUZ0M8vpF30z1CEoXjCQQbH
15:16:55.111,189.087464,774c8fdba5d2,nxf-0mUZ0M8vpF30z1CEoXjCQQbH
15:16:55.611,189.087464,774c8fdba5d2,nxf-0mUZ0M8vpF30z1CEoXjCQQbH
15:16:21.101,0.000000,5e1662aa721a,nxf-0pUrbbt0IplTwbj4uE7h1Lv0
15:16:21.601,0.000000,5e1662aa721a,nxf-0pUrbbt0IplTwbj4uE7h1Lv0
15:16:22.101,19.526196,5e1662aa721a,nxf-0pUrbbt0IplTwbj4uE7h1Lv0
15:16:22.601,19.526196,5e1662aa721a,nxf-0pUrbbt0IplTwbj4uE7h1Lv0
15:16:23.101,19.526196,5e1662aa721a,nxf-0pUrbbt0IplTwbj4uE7h1Lv0
15:16:23.601,414.264204,5e1662aa721a,nxf-0pUrbbt0IplTwbj4uE7h1Lv0
15:16:24.101,414.264204,5e1662aa721a,nxf-0pUrbbt0IplTwbj4uE7h1Lv0
15:16:24.601,414.264204,5e1662aa721a,nxf-0pUrbbt0IplTwbj4uE7h1Lv0
15:16:25.101,7.043547,5e1662aa721a,nxf-0pUrbbt0IplTwbj4uE7h1Lv0
15:16:25.601,7.043547,5e1662aa721a,nxf-0pUrbbt0IplTwbj4uE7h1Lv0
15:16:26.101,7.043547,5e1662aa721a,nxf-0pUrbbt0IplTwbj4uE7h1Lv0
15:16:26.601,7.043547,5e1662aa721a,nxf-0pUrbbt0IplTwbj4uE7h1Lv0
15:16:27.101,7.043547,5e1662aa721a,nxf-0pUrbbt0IplTwbj4uE7h1Lv0
15:16:27.601,7.043547,5e1662aa721a,nxf-0pUrbbt0IplTwbj4uE7h1Lv0
15:16:28.101,7.043547,5e1662aa721a,nxf-0pUrbbt0IplTwbj4uE7h1Lv0
15:16:28.601,7.043547,5e1662aa721a,nxf-0pUrbbt0IplTwbj4uE7h1Lv0
15:16:29.101,7.043547,5e1662aa721a,nxf-0pUrbbt0IplTwbj4uE7h1Lv0
15:16:29.601,7.043547,5e1662aa721a,nxf-0pUrbbt0IplTwbj4uE7h1Lv0
15:16:30.101,7.043547,5e1662aa721a,nxf-0pUrbbt0IplTwbj4uE7h1Lv0
15:16:30.601,7.043547,5e1662aa721a,nxf-0pUrbbt0IplTwbj4uE7h1Lv0
15:16:31.101,7.043547,5e1662aa721a,nxf-0pUrbbt0IplTwbj4uE7h1Lv0
15:16:31.601,7.043547,5e1662aa721a,nxf-0pUrbbt0IplTwbj4uE7h1Lv0
15:16:32.101,7.043547,5e1662aa721a,nxf-0pUrbbt0IplTwbj4uE7h1Lv0
15:16:32.601,7.043547,5e1662aa721a,nxf-0pUrbbt0IplTwbj4uE7h1Lv0
15:16:33.101,7.043547,5e1662aa721a,nxf-0pUrbbt0IplTwbj4uE7h1Lv0
15:16:33.601,7.043547,5e1662aa721a,nxf-0pUrbbt0IplTwbj4uE7h1Lv0
15:16:34.101,7.043547,5e1662aa721a,nxf-0pUrbbt0IplTwbj4uE7h1Lv0
15:16:34.601,7.043547,5e1662aa721a,nxf-0pUrbbt0IplTwbj4uE7h1Lv0
15:16:35.101,7.043547,5e1662aa721a,nxf-0pUrbbt0IplTwbj4uE7h1Lv0
15:16:35.601,7.043547,5e1662aa721a,nxf-0pUrbbt0IplTwbj4uE7h1Lv0
15:16:36.101,7.043547,5e1662aa721a,nxf-0pUrbbt0IplTwbj4uE7h1Lv0
15:16:36.601,7.043547,5e1662aa721a,nxf-0pUrbbt0IplTwbj4uE7h1Lv0
15:16:37.101,7.043547,5e1662aa721a,nxf-0pUrbbt0IplTwbj4uE7h1Lv0
15:16:37.601,7.043547,5e1662aa721a,nxf-0pUrbbt0IplTwbj4uE7h1Lv0
15:16:38.101,7.043547,5e1662aa721a,nxf-0pUrbbt0IplTwbj4uE7h1Lv0
15:16:38.601,7.043547,5e1662aa721a,nxf-0pUrbbt0IplTwbj4uE7h1Lv0
15:16:39.101,7.043547,5e1662aa721a,nxf-0pUrbbt0IplTwbj4uE7h1Lv0
15:16:39.601,7.043547,5e1662aa721a,nxf-0pUrbbt0IplTwbj4uE7h1Lv0
15:16:40.101,7.043547,5e1662aa721a,nxf-0pUrbbt0IplTwbj4uE7h1Lv0
15:16:40.601,7.043547,5e1662aa721a,nxf-0pUrbbt0IplTwbj4uE7h1Lv0
15:16:41.101,7.043547,5e1662aa721a,nxf-0pUrbbt0IplTwbj4uE7h1Lv0
15:16:41.601,7.043547,5e1662aa721a,nxf-0pUrbbt0IplTwbj4uE7h1Lv0
15:16:42.101,7.043547,5e1662aa721a,nxf-0pUrbbt0IplTwbj4uE7h1Lv0
15:16:42.601,7.043547,5e1662aa721a,nxf-0pUrbbt0IplTwbj4uE7h1Lv0
15:16:43.101,7.043547,5e1662aa721a,nxf-0pUrbbt0IplTwbj4uE7h1Lv0
15:16:43.601,7.043547,5e1662aa721a,nxf-0pUrbbt0IplTwbj4uE7h1Lv0
15:16:44.101,7.043547,5e1662aa721a,nxf-0pUrbbt0IplTwbj4uE7h1Lv0
15:16:44.601,7.043547,5e1662aa721a,nxf-0pUrbbt0IplTwbj4uE7h1Lv0
15:16:45.101,7.043547,5e1662aa721a,nxf-0pUrbbt0IplTwbj4uE7h1Lv0
15:16:45.601,7.043547,5e1662aa721a,nxf-0pUrbbt0IplTwbj4uE7h1Lv0
15:16:46.101,7.043547,5e1662aa721a,nxf-0pUrbbt0IplTwbj4uE7h1Lv0
15:16:46.601,7.043547,5e1662aa721a,nxf-0pUrbbt0IplTwbj4uE7h1Lv0
15:16:47.101,7.043547,5e1662aa721a,nxf-0pUrbbt0IplTwbj4uE7h1Lv0
15:16:47.601,7.043547,5e1662aa721a,nxf-0pUrbbt0IplTwbj4uE7h1Lv0
15:16:48.101,7.043547,5e1662aa721a,nxf-0pUrbbt0IplTwbj4uE7h1Lv0
15:16:48.601,7.043547,5e1662aa721a,nxf-0pUrbbt0IplTwbj4uE7h1Lv0
15:16:49.101,7.043547,5e1662aa721a,nxf-0pUrbbt0IplTwbj4uE7h1Lv0
15:16:49.601,7.043547,5e1662aa721a,nxf-0pUrbbt0IplTwbj4uE7h1Lv0
15:16:50.101,7.043547,5e1662aa721a,nxf-0pUrbbt0IplTwbj4uE7h1Lv0
15:16:50.601,7.043547,5e1662aa721a,nxf-0pUrbbt0IplTwbj4uE7h1Lv0
15:16:51.101,7.043547,5e1662aa721a,nxf-0pUrbbt0IplTwbj4uE7h1Lv0
15:16:51.601,7.043547,5e1662aa721a,nxf-0pUrbbt0IplTwbj4uE7h1Lv0
15:16:52.101,7.043547,5e1662aa721a,nxf-0pUrbbt0IplTwbj4uE7h1Lv0
15:16:52.601,7.043547,5e1662aa721a,nxf-0pUrbbt0IplTwbj4uE7h1Lv0
15:16:53.101,7.043547,5e1662aa721a,nxf-0pUrbbt0IplTwbj4uE7h1Lv0
15:16:53.601,7.043547,5e1662aa721a,nxf-0pUrbbt0IplTwbj4uE7h1Lv0
15:16:54.101,7.043547,5e1662aa721a,nxf-0pUrbbt0IplTwbj4uE7h1Lv0
15:16:54.601,7.043547,5e1662aa721a,nxf-0pUrbbt0IplTwbj4uE7h1Lv0
15:16:55.101,7.043547,5e1662aa721a,nxf-0pUrbbt0IplTwbj4uE7h1Lv0
15:16:55.601,7.043547,5e1662aa721a,nxf-0pUrbbt0IplTwbj4uE7h1Lv0
15:16:56.101,7.043547,5e1662aa721a,nxf-0pUrbbt0IplTwbj4uE7h1Lv0
15:16:56.601,7.043547,5e1662aa721a,nxf-0pUrbbt0IplTwbj4uE7h1Lv0
15:16:57.101,7.043547,5e1662aa721a,nxf-0pUrbbt0IplTwbj4uE7h1Lv0
15:16:57.601,7.043547,5e1662aa721a,nxf-0pUrbbt0IplTwbj4uE7h1Lv0
15:16:58.101,7.043547,5e1662aa721a,nxf-0pUrbbt0IplTwbj4uE7h1Lv0
15:16:58.601,7.043547,5e1662aa721a,nxf-0pUrbbt0IplTwbj4uE7h1Lv0
15:16:59.101,7.043547,5e1662aa721a,nxf-0pUrbbt0IplTwbj4uE7h1Lv0
15:16:59.601,7.043547,5e1662aa721a,nxf-0pUrbbt0IplTwbj4uE7h1Lv0
15:17:00.101,7.043547,5e1662aa721a,nxf-0pUrbbt0IplTwbj4uE7h1Lv0
15:17:00.601,7.043547,5e1662aa721a,nxf-0pUrbbt0IplTwbj4uE7h1Lv0
15:17:01.101,7.043547,5e1662aa721a,nxf-0pUrbbt0IplTwbj4uE7h1Lv0
15:17:01.601,7.043547,5e1662aa721a,nxf-0pUrbbt0IplTwbj4uE7h1Lv0
15:17:02.101,7.043547,5e1662aa721a,nxf-0pUrbbt0IplTwbj4uE7h1Lv0
15:17:02.601,7.043547,5e1662aa721a,nxf-0pUrbbt0IplTwbj4uE7h1Lv0
15:17:03.101,7.043547,5e1662aa721a,nxf-0pUrbbt0IplTwbj4uE7h1Lv0
15:17:03.601,7.043547,5e1662aa721a,nxf-0pUrbbt0IplTwbj4uE7h1Lv0
15:17:04.101,7.043547,5e1662aa721a,nxf-0pUrbbt0IplTwbj4uE7h1Lv0
15:17:04.601,7.043547,5e1662aa721a,nxf-0pUrbbt0IplTwbj4uE7h1Lv0
15:16:37.180,8.684867,8334946e47ef,nxf-UY2XomSHbY5BM00lkqJ3KiSI
15:16:37.680,8.684867,8334946e47ef,nxf-UY2XomSHbY5BM00lkqJ3KiSI
15:16:38.180,8.684867,8334946e47ef,nxf-UY2XomSHbY5BM00lkqJ3KiSI
15:16:38.680,0.002458,8334946e47ef,nxf-UY2XomSHbY5BM00lkqJ3KiSI
15:16:39.180,0.002458,8334946e47ef,nxf-UY2XomSHbY5BM00lkqJ3KiSI
15:16:39.680,0.000540,8334946e47ef,nxf-UY2XomSHbY5BM00lkqJ3KiSI
15:16:40.180,0.000540,8334946e47ef,nxf-UY2XomSHbY5BM00lkqJ3KiSI
15:16:40.680,0.000540,8334946e47ef,nxf-UY2XomSHbY5BM00lkqJ3KiSI
15:16:41.180,0.005484,8334946e47ef,nxf-UY2XomSHbY5BM00lkqJ3KiSI
15:16:41.680,0.005484,8334946e47ef,nxf-UY2XomSHbY5BM00lkqJ3KiSI
15:16:42.180,0.005484,8334946e47ef,nxf-UY2XomSHbY5BM00lkqJ3KiSI
15:16:42.680,0.005484,8334946e47ef,nxf-UY2XomSHbY5BM00lkqJ3KiSI
15:16:43.180,0.005484,8334946e47ef,nxf-UY2XomSHbY5BM00lkqJ3KiSI
15:16:43.680,0.005484,8334946e47ef,nxf-UY2XomSHbY5BM00lkqJ3KiSI
15:16:44.180,0.005484,8334946e47ef,nxf-UY2XomSHbY5BM00lkqJ3KiSI
15:16:44.680,0.005484,8334946e47ef,nxf-UY2XomSHbY5BM00lkqJ3KiSI
15:16:45.180,0.005484,8334946e47ef,nxf-UY2XomSHbY5BM00lkqJ3KiSI
15:16:45.680,0.005484,8334946e47ef,nxf-UY2XomSHbY5BM00lkqJ3KiSI
15:16:46.180,0.005484,8334946e47ef,nxf-UY2XomSHbY5BM00lkqJ3KiSI
15:16:46.680,0.005484,8334946e47ef,nxf-UY2XomSHbY5BM00lkqJ3KiSI
15:16:47.180,0.005484,8334946e47ef,nxf-UY2XomSHbY5BM00lkqJ3KiSI
15:16:47.680,0.005484,8334946e47ef,nxf-UY2XomSHbY5BM00lkqJ3KiSI
15:16:48.180,0.005484,8334946e47ef,nxf-UY2XomSHbY5BM00lkqJ3KiSI
15:16:48.680,0.005484,8334946e47ef,nxf-UY2XomSHbY5BM00lkqJ3KiSI
15:16:49.180,0.005484,8334946e47ef,nxf-UY2XomSHbY5BM00lkqJ3KiSI
15:16:49.680,0.005484,8334946e47ef,nxf-UY2XomSHbY5BM00lkqJ3KiSI
15:16:50.180,0.005484,8334946e47ef,nxf-UY2XomSHbY5BM00lkqJ3KiSI
15:16:50.680,0.005484,8334946e47ef,nxf-UY2XomSHbY5BM00lkqJ3KiSI
15:16:51.180,0.005484,8334946e47ef,nxf-UY2XomSHbY5BM00lkqJ3KiSI
15:16:51.680,0.005484,8334946e47ef,nxf-UY2XomSHbY5BM00lkqJ3KiSI
15:16:52.180,0.005484,8334946e47ef,nxf-UY2XomSHbY5BM00lkqJ3KiSI
15:16:52.680,0.005484,8334946e47ef,nxf-UY2XomSHbY5BM00lkqJ3KiSI
15:16:53.180,0.005484,8334946e47ef,nxf-UY2XomSHbY5BM00lkqJ3KiSI
15:16:53.680,0.005484,8334946e47ef,nxf-UY2XomSHbY5BM00lkqJ3KiSI
15:16:54.180,0.005484,8334946e47ef,nxf-UY2XomSHbY5BM00lkqJ3KiSI
15:16:54.680,0.005484,8334946e47ef,nxf-UY2XomSHbY5BM00lkqJ3KiSI
15:16:55.180,0.005484,8334946e47ef,nxf-UY2XomSHbY5BM00lkqJ3KiSI
15:16:55.680,0.005484,8334946e47ef,nxf-UY2XomSHbY5BM00lkqJ3KiSI
15:16:56.180,0.005484,8334946e47ef,nxf-UY2XomSHbY5BM00lkqJ3KiSI
15:16:56.680,0.005484,8334946e47ef,nxf-UY2XomSHbY5BM00lkqJ3KiSI
15:16:57.180,0.005484,8334946e47ef,nxf-UY2XomSHbY5BM00lkqJ3KiSI
15:16:57.680,0.005484,8334946e47ef,nxf-UY2XomSHbY5BM00lkqJ3KiSI
15:16:58.180,0.005484,8334946e47ef,nxf-UY2XomSHbY5BM00lkqJ3KiSI
15:16:58.680,0.005484,8334946e47ef,nxf-UY2XomSHbY5BM00lkqJ3KiSI
15:16:59.180,0.005484,8334946e47ef,nxf-UY2XomSHbY5BM00lkqJ3KiSI
15:16:59.680,0.005484,8334946e47ef,nxf-UY2XomSHbY5BM00lkqJ3KiSI
15:17:00.180,0.005484,8334946e47ef,nxf-UY2XomSHbY5BM00lkqJ3KiSI
15:17:00.680,0.005484,8334946e47ef,nxf-UY2XomSHbY5BM00lkqJ3KiSI
15:17:01.180,0.005484,8334946e47ef,nxf-UY2XomSHbY5BM00lkqJ3KiSI
15:17:01.680,0.005484,8334946e47ef,nxf-UY2XomSHbY5BM00lkqJ3KiSI
15:17:02.180,0.005484,8334946e47ef,nxf-UY2XomSHbY5BM00lkqJ3KiSI
15:17:02.680,0.005484,8334946e47ef,nxf-UY2XomSHbY5BM00lkqJ3KiSI
15:17:03.180,0.005484,8334946e47ef,nxf-UY2XomSHbY5BM00lkqJ3KiSI
15:17:03.680,0.005484,8334946e47ef,nxf-UY2XomSHbY5BM00lkqJ3KiSI
15:17:04.180,0.005484,8334946e47ef,nxf-UY2XomSHbY5BM00lkqJ3KiSI
15:17:04.680,0.005484,8334946e47ef,nxf-UY2XomSHbY5BM00lkqJ3KiSI
15:17:05.180,0.005484,8334946e47ef,nxf-UY2XomSHbY5BM00lkqJ3KiSI
15:17:05.680,0.005484,8334946e47ef,nxf-UY2XomSHbY5BM00lkqJ3KiSI
15:17:06.180,0.005484,8334946e47ef,nxf-UY2XomSHbY5BM00lkqJ3KiSI
15:17:06.680,0.005484,8334946e47ef,nxf-UY2XomSHbY5BM00lkqJ3KiSI
15:17:07.180,0.005484,8334946e47ef,nxf-UY2XomSHbY5BM00lkqJ3KiSI
15:17:07.680,0.005484,8334946e47ef,nxf-UY2XomSHbY5BM00lkqJ3KiSI
15:17:08.180,0.005484,8334946e47ef,nxf-UY2XomSHbY5BM00lkqJ3KiSI
15:17:08.680,0.005484,8334946e47ef,nxf-UY2XomSHbY5BM00lkqJ3KiSI
15:17:09.180,0.005484,8334946e47ef,nxf-UY2XomSHbY5BM00lkqJ3KiSI
15:17:09.680,0.005484,8334946e47ef,nxf-UY2XomSHbY5BM00lkqJ3KiSI
15:17:10.180,0.005484,8334946e47ef,nxf-UY2XomSHbY5BM00lkqJ3KiSI
15:17:10.680,0.005484,8334946e47ef,nxf-UY2XomSHbY5BM00lkqJ3KiSI
15:17:11.180,0.005484,8334946e47ef,nxf-UY2XomSHbY5BM00lkqJ3KiSI
15:17:11.680,0.005484,8334946e47ef,nxf-UY2XomSHbY5BM00lkqJ3KiSI
15:17:12.180,0.005484,8334946e47ef,nxf-UY2XomSHbY5BM00lkqJ3KiSI
15:17:12.680,0.005484,8334946e47ef,nxf-UY2XomSHbY5BM00lkqJ3KiSI
15:17:13.180,0.005484,8334946e47ef,nxf-UY2XomSHbY5BM00lkqJ3KiSI
15:17:13.680,0.005484,8334946e47ef,nxf-UY2XomSHbY5BM00lkqJ3KiSI
15:17:14.180,0.005484,8334946e47ef,nxf-UY2XomSHbY5BM00lkqJ3KiSI
15:17:14.680,0.005484,8334946e47ef,nxf-UY2XomSHbY5BM00lkqJ3KiSI
15:17:15.180,0.005484,8334946e47ef,nxf-UY2XomSHbY5BM00lkqJ3KiSI
15:17:15.680,0.005484,8334946e47ef,nxf-UY2XomSHbY5BM00lkqJ3KiSI
15:17:16.180,0.005484,8334946e47ef,nxf-UY2XomSHbY5BM00lkqJ3KiSI
15:17:16.680,0.005484,8334946e47ef,nxf-UY2XomSHbY5BM00lkqJ3KiSI
15:17:17.180,0.005484,8334946e47ef,nxf-UY2XomSHbY5BM00lkqJ3KiSI
15:17:17.680,0.005484,8334946e47ef,nxf-UY2XomSHbY5BM00lkqJ3KiSI
15:17:18.180,0.005484,8334946e47ef,nxf-UY2XomSHbY5BM00lkqJ3KiSI
15:17:18.680,0.005484,8334946e47ef,nxf-UY2XomSHbY5BM00lkqJ3KiSI
15:17:19.180,0.005484,8334946e47ef,nxf-UY2XomSHbY5BM00lkqJ3KiSI
15:17:19.680,0.005484,8334946e47ef,nxf-UY2XomSHbY5BM00lkqJ3KiSI
15:17:20.180,0.005484,8334946e47ef,nxf-UY2XomSHbY5BM00lkqJ3KiSI
15:17:20.680,0.005484,8334946e47ef,nxf-UY2XomSHbY5BM00lkqJ3KiSI
15:17:21.180,0.005484,8334946e47ef,nxf-UY2XomSHbY5BM00lkqJ3KiSI
15:16:47.595,0.776517,ddb0c2d3471f,nxf-bQCEmlIiekPOOtkHpYmKBSn7
15:16:48.095,0.776517,ddb0c2d3471f,nxf-bQCEmlIiekPOOtkHpYmKBSn7
15:16:48.595,0.776517,ddb0c2d3471f,nxf-bQCEmlIiekPOOtkHpYmKBSn7
15:16:49.095,0.776517,ddb0c2d3471f,nxf-bQCEmlIiekPOOtkHpYmKBSn7
15:16:49.595,0.776517,ddb0c2d3471f,nxf-bQCEmlIiekPOOtkHpYmKBSn7
15:16:50.095,0.776517,ddb0c2d3471f,nxf-bQCEmlIiekPOOtkHpYmKBSn7
15:16:50.595,0.776517,ddb0c2d3471f,nxf-bQCEmlIiekPOOtkHpYmKBSn7
15:16:51.095,0.776517,ddb0c2d3471f,nxf-bQCEmlIiekPOOtkHpYmKBSn7
15:16:51.595,0.776517,ddb0c2d3471f,nxf-bQCEmlIiekPOOtkHpYmKBSn7
15:16:52.095,0.776517,ddb0c2d3471f,nxf-bQCEmlIiekPOOtkHpYmKBSn7
15:16:52.595,0.776517,ddb0c2d3471f,nxf-bQCEmlIiekPOOtkHpYmKBSn7
15:16:53.095,0.776517,ddb0c2d3471f,nxf-bQCEmlIiekPOOtkHpYmKBSn7
15:16:53.595,0.776517,ddb0c2d3471f,nxf-bQCEmlIiekPOOtkHpYmKBSn7
15:16:54.095,0.776517,ddb0c2d3471f,nxf-bQCEmlIiekPOOtkHpYmKBSn7
15:16:54.595,0.776517,ddb0c2d3471f,nxf-bQCEmlIiekPOOtkHpYmKBSn7
15:16:55.095,0.776517,ddb0c2d3471f,nxf-bQCEmlIiekPOOtkHpYmKBSn7
15:16:55.595,0.776517,ddb0c2d3471f,nxf-bQCEmlIiekPOOtkHpYmKBSn7
15:16:56.095,0.776517,ddb0c2d3471f,nxf-bQCEmlIiekPOOtkHpYmKBSn7
15:16:56.595,0.776517,ddb0c2d3471f,nxf-bQCEmlIiekPOOtkHpYmKBSn7
15:16:57.095,0.776517,ddb0c2d3471f,nxf-bQCEmlIiekPOOtkHpYmKBSn7
15:16:57.595,0.776517,ddb0c2d3471f,nxf-bQCEmlIiekPOOtkHpYmKBSn7
15:16:58.095,0.776517,ddb0c2d3471f,nxf-bQCEmlIiekPOOtkHpYmKBSn7
15:16:58.595,0.776517,ddb0c2d3471f,nxf-bQCEmlIiekPOOtkHpYmKBSn7
15:16:59.095,0.776517,ddb0c2d3471f,nxf-bQCEmlIiekPOOtkHpYmKBSn7
15:16:59.595,0.776517,ddb0c2d3471f,nxf-bQCEmlIiekPOOtkHpYmKBSn7
15:17:00.095,0.776517,ddb0c2d3471f,nxf-bQCEmlIiekPOOtkHpYmKBSn7
15:17:00.595,0.776517,ddb0c2d3471f,nxf-bQCEmlIiekPOOtkHpYmKBSn7
15:17:01.095,0.776517,ddb0c2d3471f,nxf-bQCEmlIiekPOOtkHpYmKBSn7
15:17:01.595,0.776517,ddb0c2d3471f,nxf-bQCEmlIiekPOOtkHpYmKBSn7
15:17:02.095,0.776517,ddb0c2d3471f,nxf-bQCEmlIiekPOOtkHpYmKBSn7
15:17:02.595,0.776517,ddb0c2d3471f,nxf-bQCEmlIiekPOOtkHpYmKBSn7
15:17:03.095,0.776517,ddb0c2d3471f,nxf-bQCEmlIiekPOOtkHpYmKBSn7
15:17:03.595,0.776517,ddb0c2d3471f,nxf-bQCEmlIiekPOOtkHpYmKBSn7
15:17:04.095,0.776517,ddb0c2d3471f,nxf-bQCEmlIiekPOOtkHpYmKBSn7
15:17:04.595,0.776517,ddb0c2d3471f,nxf-bQCEmlIiekPOOtkHpYmKBSn7
15:17:05.095,0.776517,ddb0c2d3471f,nxf-bQCEmlIiekPOOtkHpYmKBSn7
15:17:05.595,0.776517,ddb0c2d3471f,nxf-bQCEmlIiekPOOtkHpYmKBSn7
15:17:06.095,0.776517,ddb0c2d3471f,nxf-bQCEmlIiekPOOtkHpYmKBSn7
15:17:06.595,0.776517,ddb0c2d3471f,nxf-bQCEmlIiekPOOtkHpYmKBSn7
15:17:07.095,0.776517,ddb0c2d3471f,nxf-bQCEmlIiekPOOtkHpYmKBSn7
15:17:07.595,0.776517,ddb0c2d3471f,nxf-bQCEmlIiekPOOtkHpYmKBSn7
15:17:08.095,0.776517,ddb0c2d3471f,nxf-bQCEmlIiekPOOtkHpYmKBSn7
15:17:08.595,0.776517,ddb0c2d3471f,nxf-bQCEmlIiekPOOtkHpYmKBSn7
15:17:09.095,0.776517,ddb0c2d3471f,nxf-bQCEmlIiekPOOtkHpYmKBSn7
15:17:09.595,0.776517,ddb0c2d3471f,nxf-bQCEmlIiekPOOtkHpYmKBSn7
15:17:10.095,0.776517,ddb0c2d3471f,nxf-bQCEmlIiekPOOtkHpYmKBSn7
15:17:10.595,0.776517,ddb0c2d3471f,nxf-bQCEmlIiekPOOtkHpYmKBSn7
15:17:11.095,0.776517,ddb0c2d3471f,nxf-bQCEmlIiekPOOtkHpYmKBSn7
15:17:11.595,0.776517,ddb0c2d3471f,nxf-bQCEmlIiekPOOtkHpYmKBSn7
15:17:12.095,0.776517,ddb0c2d3471f,nxf-bQCEmlIiekPOOtkHpYmKBSn7
15:17:12.595,0.776517,ddb0c2d3471f,nxf-bQCEmlIiekPOOtkHpYmKBSn7
15:17:13.095,0.776517,ddb0c2d3471f,nxf-bQCEmlIiekPOOtkHpYmKBSn7
15:17:13.595,0.776517,ddb0c2d3471f,nxf-bQCEmlIiekPOOtkHpYmKBSn7
15:17:14.095,0.776517,ddb0c2d3471f,nxf-bQCEmlIiekPOOtkHpYmKBSn7
15:17:14.595,0.776517,ddb0c2d3471f,nxf-bQCEmlIiekPOOtkHpYmKBSn7
15:17:15.095,0.776517,ddb0c2d3471f,nxf-bQCEmlIiekPOOtkHpYmKBSn7
15:17:15.595,0.776517,ddb0c2d3471f,nxf-bQCEmlIiekPOOtkHpYmKBSn7
15:17:16.095,0.776517,ddb0c2d3471f,nxf-bQCEmlIiekPOOtkHpYmKBSn7
15:17:16.595,0.776517,ddb0c2d3471f,nxf-bQCEmlIiekPOOtkHpYmKBSn7
15:17:17.095,0.776517,ddb0c2d3471f,nxf-bQCEmlIiekPOOtkHpYmKBSn7
15:17:17.595,0.776517,ddb0c2d3471f,nxf-bQCEmlIiekPOOtkHpYmKBSn7
15:17:18.095,0.776517,ddb0c2d3471f,nxf-bQCEmlIiekPOOtkHpYmKBSn7
15:17:18.595,0.776517,ddb0c2d3471f,nxf-bQCEmlIiekPOOtkHpYmKBSn7
15:17:19.095,0.776517,ddb0c2d3471f,nxf-bQCEmlIiekPOOtkHpYmKBSn7
15:17:19.595,0.776517,ddb0c2d3471f,nxf-bQCEmlIiekPOOtkHpYmKBSn7
15:17:20.095,0.776517,ddb0c2d3471f,nxf-bQCEmlIiekPOOtkHpYmKBSn7
15:17:20.595,0.776517,ddb0c2d3471f,nxf-bQCEmlIiekPOOtkHpYmKBSn7
15:17:21.095,0.776517,ddb0c2d3471f,nxf-bQCEmlIiekPOOtkHpYmKBSn7
15:17:21.595,0.776517,ddb0c2d3471f,nxf-bQCEmlIiekPOOtkHpYmKBSn7
15:17:22.095,0.776517,ddb0c2d3471f,nxf-bQCEmlIiekPOOtkHpYmKBSn7
15:17:22.595,0.776517,ddb0c2d3471f,nxf-bQCEmlIiekPOOtkHpYmKBSn7
15:17:23.095,0.776517,ddb0c2d3471f,nxf-bQCEmlIiekPOOtkHpYmKBSn7
15:17:23.595,0.776517,ddb0c2d3471f,nxf-bQCEmlIiekPOOtkHpYmKBSn7
15:17:24.095,0.776517,ddb0c2d3471f,nxf-bQCEmlIiekPOOtkHpYmKBSn7
15:17:24.595,0.776517,ddb0c2d3471f,nxf-bQCEmlIiekPOOtkHpYmKBSn7
15:17:25.095,0.776517,ddb0c2d3471f,nxf-bQCEmlIiekPOOtkHpYmKBSn7
15:17:25.595,0.776517,ddb0c2d3471f,nxf-bQCEmlIiekPOOtkHpYmKBSn7
15:17:26.095,0.776517,ddb0c2d3471f,nxf-bQCEmlIiekPOOtkHpYmKBSn7
15:17:26.595,0.776517,ddb0c2d3471f,nxf-bQCEmlIiekPOOtkHpYmKBSn7
15:17:27.095,0.776517,ddb0c2d3471f,nxf-bQCEmlIiekPOOtkHpYmKBSn7
15:16:47.592,0.008668,0cc691d220d8,nxf-6NsMcpYNvIhqIRPUkkVmSPjV
15:16:48.092,0.008668,0cc691d220d8,nxf-6NsMcpYNvIhqIRPUkkVmSPjV
15:16:48.592,0.008668,0cc691d220d8,nxf-6NsMcpYNvIhqIRPUkkVmSPjV
15:16:49.092,0.008668,0cc691d220d8,nxf-6NsMcpYNvIhqIRPUkkVmSPjV
15:16:49.592,0.008668,0cc691d220d8,nxf-6NsMcpYNvIhqIRPUkkVmSPjV
15:16:50.092,0.008668,0cc691d220d8,nxf-6NsMcpYNvIhqIRPUkkVmSPjV
15:16:50.592,0.008668,0cc691d220d8,nxf-6NsMcpYNvIhqIRPUkkVmSPjV
15:16:51.092,0.008668,0cc691d220d8,nxf-6NsMcpYNvIhqIRPUkkVmSPjV
15:16:51.592,0.008668,0cc691d220d8,nxf-6NsMcpYNvIhqIRPUkkVmSPjV
15:16:52.092,0.008668,0cc691d220d8,nxf-6NsMcpYNvIhqIRPUkkVmSPjV
15:16:52.592,0.008668,0cc691d220d8,nxf-6NsMcpYNvIhqIRPUkkVmSPjV
15:16:53.092,0.008668,0cc691d220d8,nxf-6NsMcpYNvIhqIRPUkkVmSPjV
15:16:53.592,0.008668,0cc691d220d8,nxf-6NsMcpYNvIhqIRPUkkVmSPjV
15:16:54.092,0.008668,0cc691d220d8,nxf-6NsMcpYNvIhqIRPUkkVmSPjV
15:16:54.592,0.008668,0cc691d220d8,nxf-6NsMcpYNvIhqIRPUkkVmSPjV
15:16:55.092,0.008668,0cc691d220d8,nxf-6NsMcpYNvIhqIRPUkkVmSPjV
15:16:55.592,0.008668,0cc691d220d8,nxf-6NsMcpYNvIhqIRPUkkVmSPjV
15:16:56.092,0.008668,0cc691d220d8,nxf-6NsMcpYNvIhqIRPUkkVmSPjV
15:16:56.592,0.008668,0cc691d220d8,nxf-6NsMcpYNvIhqIRPUkkVmSPjV
15:16:57.092,0.008668,0cc691d220d8,nxf-6NsMcpYNvIhqIRPUkkVmSPjV
15:16:57.592,0.008668,0cc691d220d8,nxf-6NsMcpYNvIhqIRPUkkVmSPjV
15:16:58.092,0.008668,0cc691d220d8,nxf-6NsMcpYNvIhqIRPUkkVmSPjV
15:16:58.592,0.008668,0cc691d220d8,nxf-6NsMcpYNvIhqIRPUkkVmSPjV
15:16:59.092,0.008668,0cc691d220d8,nxf-6NsMcpYNvIhqIRPUkkVmSPjV
15:16:59.592,0.008668,0cc691d220d8,nxf-6NsMcpYNvIhqIRPUkkVmSPjV
15:17:00.092,0.008668,0cc691d220d8,nxf-6NsMcpYNvIhqIRPUkkVmSPjV
15:17:00.592,0.008668,0cc691d220d8,nxf-6NsMcpYNvIhqIRPUkkVmSPjV
15:17:01.092,0.008668,0cc691d220d8,nxf-6NsMcpYNvIhqIRPUkkVmSPjV
15:17:01.592,0.008668,0cc691d220d8,nxf-6NsMcpYNvIhqIRPUkkVmSPjV
15:17:02.092,0.008668,0cc691d220d8,nxf-6NsMcpYNvIhqIRPUkkVmSPjV
15:17:02.592,0.008668,0cc691d220d8,nxf-6NsMcpYNvIhqIRPUkkVmSPjV
15:17:03.092,0.008668,0cc691d220d8,nxf-6NsMcpYNvIhqIRPUkkVmSPjV
15:17:03.592,0.008668,0cc691d220d8,nxf-6NsMcpYNvIhqIRPUkkVmSPjV
15:17:04.092,0.008668,0cc691d220d8,nxf-6NsMcpYNvIhqIRPUkkVmSPjV
15:17:04.592,0.008668,0cc691d220d8,nxf-6NsMcpYNvIhqIRPUkkVmSPjV
15:17:05.092,0.008668,0cc691d220d8,nxf-6NsMcpYNvIhqIRPUkkVmSPjV
15:17:05.592,0.008668,0cc691d220d8,nxf-6NsMcpYNvIhqIRPUkkVmSPjV
15:17:06.092,0.008668,0cc691d220d8,nxf-6NsMcpYNvIhqIRPUkkVmSPjV
15:17:06.592,0.008668,0cc691d220d8,nxf-6NsMcpYNvIhqIRPUkkVmSPjV
15:17:07.092,0.008668,0cc691d220d8,nxf-6NsMcpYNvIhqIRPUkkVmSPjV
15:17:07.592,0.008668,0cc691d220d8,nxf-6NsMcpYNvIhqIRPUkkVmSPjV
15:17:08.092,0.008668,0cc691d220d8,nxf-6NsMcpYNvIhqIRPUkkVmSPjV
15:17:08.592,0.008668,0cc691d220d8,nxf-6NsMcpYNvIhqIRPUkkVmSPjV
15:17:09.092,0.008668,0cc691d220d8,nxf-6NsMcpYNvIhqIRPUkkVmSPjV
15:17:09.592,0.008668,0cc691d220d8,nxf-6NsMcpYNvIhqIRPUkkVmSPjV
15:17:10.092,0.008668,0cc691d220d8,nxf-6NsMcpYNvIhqIRPUkkVmSPjV
15:17:10.592,0.008668,0cc691d220d8,nxf-6NsMcpYNvIhqIRPUkkVmSPjV
15:17:11.092,0.008668,0cc691d220d8,nxf-6NsMcpYNvIhqIRPUkkVmSPjV
15:17:11.592,0.008668,0cc691d220d8,nxf-6NsMcpYNvIhqIRPUkkVmSPjV
15:17:12.092,0.008668,0cc691d220d8,nxf-6NsMcpYNvIhqIRPUkkVmSPjV
15:17:12.592,0.008668,0cc691d220d8,nxf-6NsMcpYNvIhqIRPUkkVmSPjV
15:17:13.092,0.008668,0cc691d220d8,nxf-6NsMcpYNvIhqIRPUkkVmSPjV
15:17:13.592,0.008668,0cc691d220d8,nxf-6NsMcpYNvIhqIRPUkkVmSPjV
15:17:14.092,0.008668,0cc691d220d8,nxf-6NsMcpYNvIhqIRPUkkVmSPjV
15:17:14.592,0.008668,0cc691d220d8,nxf-6NsMcpYNvIhqIRPUkkVmSPjV
15:17:15.092,0.008668,0cc691d220d8,nxf-6NsMcpYNvIhqIRPUkkVmSPjV
15:17:15.592,0.008668,0cc691d220d8,nxf-6NsMcpYNvIhqIRPUkkVmSPjV
15:17:16.092,0.008668,0cc691d220d8,nxf-6NsMcpYNvIhqIRPUkkVmSPjV
15:17:16.592,0.008668,0cc691d220d8,nxf-6NsMcpYNvIhqIRPUkkVmSPjV
15:17:17.092,0.008668,0cc691d220d8,nxf-6NsMcpYNvIhqIRPUkkVmSPjV
15:17:17.592,0.008668,0cc691d220d8,nxf-6NsMcpYNvIhqIRPUkkVmSPjV
15:17:18.092,0.008668,0cc691d220d8,nxf-6NsMcpYNvIhqIRPUkkVmSPjV
15:17:18.592,0.008668,0cc691d220d8,nxf-6NsMcpYNvIhqIRPUkkVmSPjV
15:17:19.092,0.008668,0cc691d220d8,nxf-6NsMcpYNvIhqIRPUkkVmSPjV
15:17:19.592,0.008668,0cc691d220d8,nxf-6NsMcpYNvIhqIRPUkkVmSPjV
15:17:20.092,0.008668,0cc691d220d8,nxf-6NsMcpYNvIhqIRPUkkVmSPjV
15:17:20.592,0.008668,0cc691d220d8,nxf-6NsMcpYNvIhqIRPUkkVmSPjV
15:17:21.092,0.008668,0cc691d220d8,nxf-6NsMcpYNvIhqIRPUkkVmSPjV
15:17:21.592,0.008668,0cc691d220d8,nxf-6NsMcpYNvIhqIRPUkkVmSPjV
15:17:22.092,0.008668,0cc691d220d8,nxf-6NsMcpYNvIhqIRPUkkVmSPjV
15:17:22.592,0.008668,0cc691d220d8,nxf-6NsMcpYNvIhqIRPUkkVmSPjV
15:17:23.092,0.008668,0cc691d220d8,nxf-6NsMcpYNvIhqIRPUkkVmSPjV
15:17:23.592,0.008668,0cc691d220d8,nxf-6NsMcpYNvIhqIRPUkkVmSPjV
15:17:24.092,0.008668,0cc691d220d8,nxf-6NsMcpYNvIhqIRPUkkVmSPjV
15:17:24.592,0.008668,0cc691d220d8,nxf-6NsMcpYNvIhqIRPUkkVmSPjV
15:17:25.092,0.008668,0cc691d220d8,nxf-6NsMcpYNvIhqIRPUkkVmSPjV
15:17:25.592,0.008668,0cc691d220d8,nxf-6NsMcpYNvIhqIRPUkkVmSPjV
15:17:26.092,0.008668,0cc691d220d8,nxf-6NsMcpYNvIhqIRPUkkVmSPjV
15:17:26.592,0.008668,0cc691d220d8,nxf-6NsMcpYNvIhqIRPUkkVmSPjV
15:17:27.092,0.008668,0cc691d220d8,nxf-6NsMcpYNvIhqIRPUkkVmSPjV
15:16:47.592,0.008729,5756dad5e7b0,nxf-i3k55HVSqlStQlJ9rLveDORE
15:16:48.092,0.008729,5756dad5e7b0,nxf-i3k55HVSqlStQlJ9rLveDORE
15:16:48.592,0.008729,5756dad5e7b0,nxf-i3k55HVSqlStQlJ9rLveDORE
15:16:49.092,0.008729,5756dad5e7b0,nxf-i3k55HVSqlStQlJ9rLveDORE
15:16:49.592,0.008729,5756dad5e7b0,nxf-i3k55HVSqlStQlJ9rLveDORE
15:16:50.092,0.008729,5756dad5e7b0,nxf-i3k55HVSqlStQlJ9rLveDORE
15:16:50.592,0.008729,5756dad5e7b0,nxf-i3k55HVSqlStQlJ9rLveDORE
15:16:51.092,0.008729,5756dad5e7b0,nxf-i3k55HVSqlStQlJ9rLveDORE
15:16:51.592,0.008729,5756dad5e7b0,nxf-i3k55HVSqlStQlJ9rLveDORE
15:16:52.092,0.008729,5756dad5e7b0,nxf-i3k55HVSqlStQlJ9rLveDORE
15:16:52.592,0.008729,5756dad5e7b0,nxf-i3k55HVSqlStQlJ9rLveDORE
15:16:53.092,0.008729,5756dad5e7b0,nxf-i3k55HVSqlStQlJ9rLveDORE
15:16:53.592,0.008729,5756dad5e7b0,nxf-i3k55HVSqlStQlJ9rLveDORE
15:16:54.092,0.008729,5756dad5e7b0,nxf-i3k55HVSqlStQlJ9rLveDORE
15:16:54.592,0.008729,5756dad5e7b0,nxf-i3k55HVSqlStQlJ9rLveDORE
15:16:55.092,0.008729,5756dad5e7b0,nxf-i3k55HVSqlStQlJ9rLveDORE
15:16:55.592,0.008729,5756dad5e7b0,nxf-i3k55HVSqlStQlJ9rLveDORE
15:16:56.092,0.008729,5756dad5e7b0,nxf-i3k55HVSqlStQlJ9rLveDORE
15:16:56.592,0.008729,5756dad5e7b0,nxf-i3k55HVSqlStQlJ9rLveDORE
15:16:57.092,0.008729,5756dad5e7b0,nxf-i3k55HVSqlStQlJ9rLveDORE
15:16:57.592,0.008729,5756dad5e7b0,nxf-i3k55HVSqlStQlJ9rLveDORE
15:16:58.092,0.008729,5756dad5e7b0,nxf-i3k55HVSqlStQlJ9rLveDORE
15:16:58.592,0.008729,5756dad5e7b0,nxf-i3k55HVSqlStQlJ9rLveDORE
15:16:59.092,0.008729,5756dad5e7b0,nxf-i3k55HVSqlStQlJ9rLveDORE
15:16:59.592,0.008729,5756dad5e7b0,nxf-i3k55HVSqlStQlJ9rLveDORE
15:17:00.092,0.008729,5756dad5e7b0,nxf-i3k55HVSqlStQlJ9rLveDORE
15:17:00.592,0.008729,5756dad5e7b0,nxf-i3k55HVSqlStQlJ9rLveDORE
15:17:01.092,0.008729,5756dad5e7b0,nxf-i3k55HVSqlStQlJ9rLveDORE
15:17:01.592,0.008729,5756dad5e7b0,nxf-i3k55HVSqlStQlJ9rLveDORE
15:17:02.092,0.008729,5756dad5e7b0,nxf-i3k55HVSqlStQlJ9rLveDORE
15:17:02.592,0.008729,5756dad5e7b0,nxf-i3k55HVSqlStQlJ9rLveDORE
15:17:03.092,0.008729,5756dad5e7b0,nxf-i3k55HVSqlStQlJ9rLveDORE
15:17:03.592,0.008729,5756dad5e7b0,nxf-i3k55HVSqlStQlJ9rLveDORE
15:17:04.092,0.008729,5756dad5e7b0,nxf-i3k55HVSqlStQlJ9rLveDORE
15:17:04.592,0.008729,5756dad5e7b0,nxf-i3k55HVSqlStQlJ9rLveDORE
15:17:05.092,0.008729,5756dad5e7b0,nxf-i3k55HVSqlStQlJ9rLveDORE
15:17:05.592,0.008729,5756dad5e7b0,nxf-i3k55HVSqlStQlJ9rLveDORE
15:17:06.092,0.008729,5756dad5e7b0,nxf-i3k55HVSqlStQlJ9rLveDORE
15:17:06.592,0.008729,5756dad5e7b0,nxf-i3k55HVSqlStQlJ9rLveDORE
15:17:07.092,0.008729,5756dad5e7b0,nxf-i3k55HVSqlStQlJ9rLveDORE
15:17:07.592,0.008729,5756dad5e7b0,nxf-i3k55HVSqlStQlJ9rLveDORE
15:17:08.092,0.008729,5756dad5e7b0,nxf-i3k55HVSqlStQlJ9rLveDORE
15:17:08.592,0.008729,5756dad5e7b0,nxf-i3k55HVSqlStQlJ9rLveDORE
15:17:09.092,0.008729,5756dad5e7b0,nxf-i3k55HVSqlStQlJ9rLveDORE
15:17:09.592,0.008729,5756dad5e7b0,nxf-i3k55HVSqlStQlJ9rLveDORE
15:17:10.092,0.008729,5756dad5e7b0,nxf-i3k55HVSqlStQlJ9rLveDORE
15:17:10.592,0.008729,5756dad5e7b0,nxf-i3k55HVSqlStQlJ9rLveDORE
15:17:11.092,0.008729,5756dad5e7b0,nxf-i3k55HVSqlStQlJ9rLveDORE
15:17:11.592,0.008729,5756dad5e7b0,nxf-i3k55HVSqlStQlJ9rLveDORE
15:17:12.092,0.008729,5756dad5e7b0,nxf-i3k55HVSqlStQlJ9rLveDORE
15:17:12.592,0.008729,5756dad5e7b0,nxf-i3k55HVSqlStQlJ9rLveDORE
15:17:13.092,0.008729,5756dad5e7b0,nxf-i3k55HVSqlStQlJ9rLveDORE
15:17:13.592,0.008729,5756dad5e7b0,nxf-i3k55HVSqlStQlJ9rLveDORE
15:17:14.092,0.008729,5756dad5e7b0,nxf-i3k55HVSqlStQlJ9rLveDORE
15:17:14.592,0.008729,5756dad5e7b0,nxf-i3k55HVSqlStQlJ9rLveDORE
15:17:15.092,0.008729,5756dad5e7b0,nxf-i3k55HVSqlStQlJ9rLveDORE
15:17:15.592,0.008729,5756dad5e7b0,nxf-i3k55HVSqlStQlJ9rLveDORE
15:17:16.092,0.008729,5756dad5e7b0,nxf-i3k55HVSqlStQlJ9rLveDORE
15:17:16.592,0.008729,5756dad5e7b0,nxf-i3k55HVSqlStQlJ9rLveDORE
15:17:17.092,0.008729,5756dad5e7b0,nxf-i3k55HVSqlStQlJ9rLveDORE
15:17:17.592,0.008729,5756dad5e7b0,nxf-i3k55HVSqlStQlJ9rLveDORE
15:17:18.092,0.008729,5756dad5e7b0,nxf-i3k55HVSqlStQlJ9rLveDORE
15:17:18.592,0.008729,5756dad5e7b0,nxf-i3k55HVSqlStQlJ9rLveDORE
15:17:19.092,0.008729,5756dad5e7b0,nxf-i3k55HVSqlStQlJ9rLveDORE
15:17:19.592,0.008729,5756dad5e7b0,nxf-i3k55HVSqlStQlJ9rLveDORE
15:17:20.092,0.008729,5756dad5e7b0,nxf-i3k55HVSqlStQlJ9rLveDORE
15:17:20.592,0.008729,5756dad5e7b0,nxf-i3k55HVSqlStQlJ9rLveDORE
15:17:21.092,0.008729,5756dad5e7b0,nxf-i3k55HVSqlStQlJ9rLveDORE
15:17:21.592,0.008729,5756dad5e7b0,nxf-i3k55HVSqlStQlJ9rLveDORE
15:17:22.092,0.008729,5756dad5e7b0,nxf-i3k55HVSqlStQlJ9rLveDORE
15:17:22.592,0.008729,5756dad5e7b0,nxf-i3k55HVSqlStQlJ9rLveDORE
15:17:23.092,0.008729,5756dad5e7b0,nxf-i3k55HVSqlStQlJ9rLveDORE
15:17:23.592,0.008729,5756dad5e7b0,nxf-i3k55HVSqlStQlJ9rLveDORE
15:17:24.092,0.008729,5756dad5e7b0,nxf-i3k55HVSqlStQlJ9rLveDORE
15:17:24.592,0.008729,5756dad5e7b0,nxf-i3k55HVSqlStQlJ9rLveDORE
15:17:25.092,0.008729,5756dad5e7b0,nxf-i3k55HVSqlStQlJ9rLveDORE
15:17:25.592,0.008729,5756dad5e7b0,nxf-i3k55HVSqlStQlJ9rLveDORE
15:17:26.092,0.008729,5756dad5e7b0,nxf-i3k55HVSqlStQlJ9rLveDORE
15:17:26.592,0.008729,5756dad5e7b0,nxf-i3k55HVSqlStQlJ9rLveDORE
15:17:27.092,0.008729,5756dad5e7b0,nxf-i3k55HVSqlStQlJ9rLveDORE
15:16:53.184,0.005287,46156cbf84c0,nxf-l4UOQ6vq023FfdVkhpq6uhFB
15:16:53.684,0.005287,46156cbf84c0,nxf-l4UOQ6vq023FfdVkhpq6uhFB
15:16:54.184,0.005287,46156cbf84c0,nxf-l4UOQ6vq023FfdVkhpq6uhFB
15:16:54.684,10.909869,46156cbf84c0,nxf-l4UOQ6vq023FfdVkhpq6uhFB
15:16:55.184,10.909869,46156cbf84c0,nxf-l4UOQ6vq023FfdVkhpq6uhFB
15:16:55.684,10.909869,46156cbf84c0,nxf-l4UOQ6vq023FfdVkhpq6uhFB
15:16:56.184,5.083975,46156cbf84c0,nxf-l4UOQ6vq023FfdVkhpq6uhFB
15:16:56.684,5.083975,46156cbf84c0,nxf-l4UOQ6vq023FfdVkhpq6uhFB
15:16:57.184,5.769141,46156cbf84c0,nxf-l4UOQ6vq023FfdVkhpq6uhFB
15:16:57.684,5.769141,46156cbf84c0,nxf-l4UOQ6vq023FfdVkhpq6uhFB
15:16:58.184,5.769141,46156cbf84c0,nxf-l4UOQ6vq023FfdVkhpq6uhFB
15:16:58.684,1.510273,46156cbf84c0,nxf-l4UOQ6vq023FfdVkhpq6uhFB
15:16:59.184,1.510273,46156cbf84c0,nxf-l4UOQ6vq023FfdVkhpq6uhFB
15:16:59.684,1.510273,46156cbf84c0,nxf-l4UOQ6vq023FfdVkhpq6uhFB
15:17:00.184,1.368333,46156cbf84c0,nxf-l4UOQ6vq023FfdVkhpq6uhFB
15:17:00.684,1.368333,46156cbf84c0,nxf-l4UOQ6vq023FfdVkhpq6uhFB
15:17:01.184,1.368333,46156cbf84c0,nxf-l4UOQ6vq023FfdVkhpq6uhFB
15:17:01.684,5.289702,46156cbf84c0,nxf-l4UOQ6vq023FfdVkhpq6uhFB
15:17:02.184,5.289702,46156cbf84c0,nxf-l4UOQ6vq023FfdVkhpq6uhFB
15:17:02.684,6.732378,46156cbf84c0,nxf-l4UOQ6vq023FfdVkhpq6uhFB
15:17:03.184,6.732378,46156cbf84c0,nxf-l4UOQ6vq023FfdVkhpq6uhFB
15:17:03.684,6.732378,46156cbf84c0,nxf-l4UOQ6vq023FfdVkhpq6uhFB
15:17:04.184,6.952369,46156cbf84c0,nxf-l4UOQ6vq023FfdVkhpq6uhFB
15:17:04.684,6.952369,46156cbf84c0,nxf-l4UOQ6vq023FfdVkhpq6uhFB
15:17:05.184,6.952369,46156cbf84c0,nxf-l4UOQ6vq023FfdVkhpq6uhFB
15:17:05.684,13.259925,46156cbf84c0,nxf-l4UOQ6vq023FfdVkhpq6uhFB
15:17:06.184,13.259925,46156cbf84c0,nxf-l4UOQ6vq023FfdVkhpq6uhFB
15:17:06.684,7.045559,46156cbf84c0,nxf-l4UOQ6vq023FfdVkhpq6uhFB
15:17:07.184,7.045559,46156cbf84c0,nxf-l4UOQ6vq023FfdVkhpq6uhFB
15:17:07.684,7.045559,46156cbf84c0,nxf-l4UOQ6vq023FfdVkhpq6uhFB
15:17:08.184,1.615716,46156cbf84c0,nxf-l4UOQ6vq023FfdVkhpq6uhFB
15:17:08.684,1.615716,46156cbf84c0,nxf-l4UOQ6vq023FfdVkhpq6uhFB
15:17:09.184,3.290606,46156cbf84c0,nxf-l4UOQ6vq023FfdVkhpq6uhFB
15:17:09.684,3.290606,46156cbf84c0,nxf-l4UOQ6vq023FfdVkhpq6uhFB
15:17:10.184,3.290606,46156cbf84c0,nxf-l4UOQ6vq023FfdVkhpq6uhFB
15:17:10.684,0.044424,46156cbf84c0,nxf-l4UOQ6vq023FfdVkhpq6uhFB
15:17:11.184,0.044424,46156cbf84c0,nxf-l4UOQ6vq023FfdVkhpq6uhFB
15:17:11.684,0.044424,46156cbf84c0,nxf-l4UOQ6vq023FfdVkhpq6uhFB
15:17:12.184,0.044424,46156cbf84c0,nxf-l4UOQ6vq023FfdVkhpq6uhFB
15:17:12.684,0.044424,46156cbf84c0,nxf-l4UOQ6vq023FfdVkhpq6uhFB
15:17:13.184,0.044424,46156cbf84c0,nxf-l4UOQ6vq023FfdVkhpq6uhFB
15:17:13.684,0.044424,46156cbf84c0,nxf-l4UOQ6vq023FfdVkhpq6uhFB
15:17:14.184,0.044424,46156cbf84c0,nxf-l4UOQ6vq023FfdVkhpq6uhFB
15:17:14.684,0.044424,46156cbf84c0,nxf-l4UOQ6vq023FfdVkhpq6uhFB
15:17:15.184,0.044424,46156cbf84c0,nxf-l4UOQ6vq023FfdVkhpq6uhFB
15:17:15.684,0.044424,46156cbf84c0,nxf-l4UOQ6vq023FfdVkhpq6uhFB
15:17:16.184,0.044424,46156cbf84c0,nxf-l4UOQ6vq023FfdVkhpq6uhFB
15:17:16.684,0.044424,46156cbf84c0,nxf-l4UOQ6vq023FfdVkhpq6uhFB
15:17:17.184,0.044424,46156cbf84c0,nxf-l4UOQ6vq023FfdVkhpq6uhFB
15:17:17.684,0.044424,46156cbf84c0,nxf-l4UOQ6vq023FfdVkhpq6uhFB
15:17:18.184,0.044424,46156cbf84c0,nxf-l4UOQ6vq023FfdVkhpq6uhFB
15:17:18.684,0.044424,46156cbf84c0,nxf-l4UOQ6vq023FfdVkhpq6uhFB
15:17:19.184,0.044424,46156cbf84c0,nxf-l4UOQ6vq023FfdVkhpq6uhFB
15:17:19.684,0.044424,46156cbf84c0,nxf-l4UOQ6vq023FfdVkhpq6uhFB
15:17:20.184,0.044424,46156cbf84c0,nxf-l4UOQ6vq023FfdVkhpq6uhFB
15:17:20.684,0.044424,46156cbf84c0,nxf-l4UOQ6vq023FfdVkhpq6uhFB
15:17:21.184,0.044424,46156cbf84c0,nxf-l4UOQ6vq023FfdVkhpq6uhFB
15:17:21.684,0.044424,46156cbf84c0,nxf-l4UOQ6vq023FfdVkhpq6uhFB
15:17:22.184,0.044424,46156cbf84c0,nxf-l4UOQ6vq023FfdVkhpq6uhFB
15:17:22.684,0.044424,46156cbf84c0,nxf-l4UOQ6vq023FfdVkhpq6uhFB
15:17:23.184,0.044424,46156cbf84c0,nxf-l4UOQ6vq023FfdVkhpq6uhFB
15:17:23.684,0.044424,46156cbf84c0,nxf-l4UOQ6vq023FfdVkhpq6uhFB
15:17:24.184,0.044424,46156cbf84c0,nxf-l4UOQ6vq023FfdVkhpq6uhFB
15:17:24.684,0.044424,46156cbf84c0,nxf-l4UOQ6vq023FfdVkhpq6uhFB
15:17:25.184,0.044424,46156cbf84c0,nxf-l4UOQ6vq023FfdVkhpq6uhFB
15:17:25.684,0.044424,46156cbf84c0,nxf-l4UOQ6vq023FfdVkhpq6uhFB
15:17:26.184,0.044424,46156cbf84c0,nxf-l4UOQ6vq023FfdVkhpq6uhFB
15:17:26.684,0.044424,46156cbf84c0,nxf-l4UOQ6vq023FfdVkhpq6uhFB
15:17:27.184,0.044424,46156cbf84c0,nxf-l4UOQ6vq023FfdVkhpq6uhFB
15:17:27.684,0.044424,46156cbf84c0,nxf-l4UOQ6vq023FfdVkhpq6uhFB
15:17:28.184,0.044424,46156cbf84c0,nxf-l4UOQ6vq023FfdVkhpq6uhFB
15:17:28.684,0.044424,46156cbf84c0,nxf-l4UOQ6vq023FfdVkhpq6uhFB
15:17:29.184,0.044424,46156cbf84c0,nxf-l4UOQ6vq023FfdVkhpq6uhFB
15:17:29.684,0.044424,46156cbf84c0,nxf-l4UOQ6vq023FfdVkhpq6uhFB
15:17:30.184,0.044424,46156cbf84c0,nxf-l4UOQ6vq023FfdVkhpq6uhFB
15:17:30.684,0.044424,46156cbf84c0,nxf-l4UOQ6vq023FfdVkhpq6uhFB
15:17:31.184,0.044424,46156cbf84c0,nxf-l4UOQ6vq023FfdVkhpq6uhFB
15:17:31.684,0.044424,46156cbf84c0,nxf-l4UOQ6vq023FfdVkhpq6uhFB
15:17:32.184,0.044424,46156cbf84c0,nxf-l4UOQ6vq023FfdVkhpq6uhFB
15:17:32.684,0.044424,46156cbf84c0,nxf-l4UOQ6vq023FfdVkhpq6uhFB
15:17:33.184,0.044424,46156cbf84c0,nxf-l4UOQ6vq023FfdVkhpq6uhFB
15:17:33.684,0.044424,46156cbf84c0,nxf-l4UOQ6vq023FfdVkhpq6uhFB
15:17:34.184,0.044424,46156cbf84c0,nxf-l4UOQ6vq023FfdVkhpq6uhFB
15:17:34.684,0.044424,46156cbf84c0,nxf-l4UOQ6vq023FfdVkhpq6uhFB
15:17:35.184,0.044424,46156cbf84c0,nxf-l4UOQ6vq023FfdVkhpq6uhFB
15:17:35.684,0.044424,46156cbf84c0,nxf-l4UOQ6vq023FfdVkhpq6uhFB
15:17:36.184,0.044424,46156cbf84c0,nxf-l4UOQ6vq023FfdVkhpq6uhFB
15:17:36.684,0.044424,46156cbf84c0,nxf-l4UOQ6vq023FfdVkhpq6uhFB
15:17:37.184,0.044424,46156cbf84c0,nxf-l4UOQ6vq023FfdVkhpq6uhFB
15:17:37.684,0.044424,46156cbf84c0,nxf-l4UOQ6vq023FfdVkhpq6uhFB
15:17:38.184,0.044424,46156cbf84c0,nxf-l4UOQ6vq023FfdVkhpq6uhFB
15:17:38.684,0.044424,46156cbf84c0,nxf-l4UOQ6vq023FfdVkhpq6uhFB
15:17:39.184,0.044424,46156cbf84c0,nxf-l4UOQ6vq023FfdVkhpq6uhFB
15:17:39.684,0.044424,46156cbf84c0,nxf-l4UOQ6vq023FfdVkhpq6uhFB
15:17:40.184,0.044424,46156cbf84c0,nxf-l4UOQ6vq023FfdVkhpq6uhFB
15:17:40.684,0.044424,46156cbf84c0,nxf-l4UOQ6vq023FfdVkhpq6uhFB
15:17:41.184,0.044424,46156cbf84c0,nxf-l4UOQ6vq023FfdVkhpq6uhFB
15:17:41.684,0.044424,46156cbf84c0,nxf-l4UOQ6vq023FfdVkhpq6uhFB
15:17:42.184,0.044424,46156cbf84c0,nxf-l4UOQ6vq023FfdVkhpq6uhFB
15:17:42.684,0.044424,46156cbf84c0,nxf-l4UOQ6vq023FfdVkhpq6uhFB
15:17:43.184,0.044424,46156cbf84c0,nxf-l4UOQ6vq023FfdVkhpq6uhFB
15:17:43.684,0.044424,46156cbf84c0,nxf-l4UOQ6vq023FfdVkhpq6uhFB
15:17:44.184,0.044424,46156cbf84c0,nxf-l4UOQ6vq023FfdVkhpq6uhFB
15:17:44.684,0.044424,46156cbf84c0,nxf-l4UOQ6vq023FfdVkhpq6uhFB
15:17:45.184,0.044424,46156cbf84c0,nxf-l4UOQ6vq023FfdVkhpq6uhFB
15:17:45.684,0.044424,46156cbf84c0,nxf-l4UOQ6vq023FfdVkhpq6uhFB
15:17:46.184,0.044424,46156cbf84c0,nxf-l4UOQ6vq023FfdVkhpq6uhFB
15:17:46.684,0.044424,46156cbf84c0,nxf-l4UOQ6vq023FfdVkhpq6uhFB
15:17:47.184,0.044424,46156cbf84c0,nxf-l4UOQ6vq023FfdVkhpq6uhFB
15:17:47.684,0.044424,46156cbf84c0,nxf-l4UOQ6vq023FfdVkhpq6uhFB
15:17:48.184,0.044424,46156cbf84c0,nxf-l4UOQ6vq023FfdVkhpq6uhFB
15:17:48.684,0.044424,46156cbf84c0,nxf-l4UOQ6vq023FfdVkhpq6uhFB
15:17:49.184,0.044424,46156cbf84c0,nxf-l4UOQ6vq023FfdVkhpq6uhFB
15:17:49.684,0.044424,46156cbf84c0,nxf-l4UOQ6vq023FfdVkhpq6uhFB
15:17:50.184,0.044424,46156cbf84c0,nxf-l4UOQ6vq023FfdVkhpq6uhFB
15:17:50.684,0.044424,46156cbf84c0,nxf-l4UOQ6vq023FfdVkhpq6uhFB
15:17:51.184,0.044424,46156cbf84c0,nxf-l4UOQ6vq023FfdVkhpq6uhFB
